artist_id,Name,ListenersCount,PeakListeners
0,The Weeknd,107592328,113034886
1,Taylor Swift,101003302,101003302
2,Ed Sheeran,76475126,87934910
3,Dua Lipa,76421916,77778397
4,Bad Bunny,76162057,83950570
5,Rihanna,75784389,80958750
6,Drake,75371611,76391086
7,Justin Bieber,72623228,75467229
8,Billie Eilish,71793820,72368528
9,Miley Cyrus,71277599,84140935
10,David Guetta,70838823,75163500
11,Travis Scott,67161542,75422869
12,Ariana Grande,66501219,82981758
13,Coldplay,65709359,69814134
14,Calvin Harris,65035055,67342768
15,Shakira,64372012,82268835
16,Eminem,64022485,68591390
17,Post Malone,63914311,67066636
18,Bruno Mars,63867677,63867677
19,Doja Cat,63625260,63625260
20,Nicki Minaj,62742304,65680733
21,SZA,61778853,69932543
22,Harry Styles,59560609,66411599
23,Olivia Rodrigo,58763998,58763998
24,Imagine Dragons,58675255,61624656
25,Kanye West,58060520,58060520
26,Maroon 5,57136964,58793104
27,Marshmello,57114865,58346399
28,KAROL G,56787835,59143777
29,Lana Del Rey,56710801,56740687
30,Sam Smith,56001427,73972799
31,21 Savage,55901908,61319583
32,Selena Gomez,55309116,58879269
33,Daddy Yankee,54174801,58098739
34,Lady Gaga,52765199,57730508
35,Metro Boomin,52207822,62911430
36,Future,52074976,58360653
37,Khalid,51957671,54186217
38,J Balvin,51590178,54792335
39,BeyoncÃ©,51442770,55563018
40,Adele,51380385,53902159
41,Katy Perry,51148181,53998988
42,Peso Pluma,50247712,53877990
43,Elton John,48343456,50362330
44,Queen,47586054,48573860
45,Chris Brown,47450314,54390450
46,Kendrick Lamar,47391930,54045549
47,OneRepublic,47384563,50035577
48,Myke Towers,47028831,47235005
49,Rauw Alejandro,46559302,52131934
50,Ozuna,45879131,51532028
51,Arctic Monkeys,45790038,45790038
52,Sia,45728333,47868578
53,Shawn Mendes,44310129,46917936
54,Bebe Rexha,43999789,49496274
55,TiÃ«sto,43284312,46094072
56,Halsey,42532070,45939636
57,Bizarrap,42259038,54300662
58,Charlie Puth,41537987,42603508
59,Ice Spice,41330265,47203544
60,J. Cole,41053576,44549954
61,Ellie Goulding,40958180,45626754
62,Anne-Marie,40359289,41501481
63,Madonna,40170466,42630784
64,Black Eyed Peas,39759009,41190019
65,Feid,39309942,40900736
66,Maluma,39049409,39104518
67,Camila Cabello,39036838,40828152
68,Swae Lee,38810802,47431521
69,Arijit Singh,38690595,38690595
70,One Direction,38536749,41614431
71,James Arthur,38265678,38458175
72,Farruko,37832243,39498431
73,Quevedo,37671317,38182790
74,Playboi Carti,37595035,38720453
75,The Chainsmokers,37113564,39275751
76,Pitbull,37073791,37627528
77,Gunna,36860616,36860616
78,Michael Jackson,36634625,37313351
79,Avicii,36181200,36886926
80,Kali Uchis,36163829,36342828
81,JAY-Z,36123827,37146089
82,Latto,35830709,38062951
83,XXXTENTACION,35700316,36958905
84,Manuel Turizo,35401805,38186155
85,Grupo Frontera,35384989,39234817
86,Lil Wayne,35298366,38862257
87,ROSALÃA,35254223,46715627
88,Pritam,34813108,35430435
89,Lil Uzi Vert,34776681,39580515
90,Aqua,34609662,41819994
91,Sean Paul,34452073,38975847
92,Linkin Park,34285668,35852548
93,P!nk,34111856,36911512
94,Diplo,33618734,34587996
95,Britney Spears,33461012,34525279
96,Jhayco,33434552,33434552
97,Shreya Ghoshal,33391480,33391480
98,BTS,33370323,40741916
99,Justin Timberlake,33200525,33200525
100,Fleetwood Mac,33130490,33130490
101,Jung Kook,33129942,35578104
102,Don Omar,33056866,34897391
103,Central Cee,32987690,35154343
104,Anuel AA,32893376,35286500
105,Jason Derulo,32845537,34068587
106,DJ Snake,32723484,33570740
107,Ava Max,32657739,34646542
108,Becky G,32649815,36514621
109,Rema,32565695,40010586
110,The Neighbourhood,32068086,32320916
111,Lewis Capaldi,32040638,37236967
112,A.R. Rahman,31769038,32074308
113,The Kid LAROI,31700200,44114355
114,Cardi B,31401409,31708178
115,50 Cent,31289781,32332190
116,Young Thug,31113135,33656406
117,Coi Leray,31104332,38479080
118,Demi Lovato,31083651,31083651
119,Alan Walker,31013358,33218914
120,Pharrell Williams,30939195,33039602
121,Wiz Khalifa,30768961,31867476
122,Lil Baby,30624100,31786556
123,Snoop Dogg,30263549,31429177
124,Macklemore,30261973,30626076
125,Red Hot Chili Peppers,30185947,30682414
126,Juice WRLD,30165389,32553139
127,The Beatles,30044113,31696352
128,Green Day,29704236,29704236
129,A$AP Rocky,29660375,33183011
130,"Tyler, The Creator",29527907,34491803
131,DaBaby,29327146,32070946
132,Young Miko,29292068,29307209
133,Tainy,29180506,35233699
134,Lil Nas X,29158630,37597256
135,Labrinth,29013808,36829106
136,Creedence Clearwater Revival,28942817,29547475
137,Guns N' Roses,28849559,28849559
138,Dave,28749706,28749706
139,USHER,28531394,28894796
140,AC/DC,28530585,29132903
141,Kodak Black,28193190,33708388
142,Chencho Corleone,28042630,31051924
143,Sebastian Yatra,28039329,28235688
144,Hozier,28000162,30293009
145,RAYE,27913578,36484906
146,Nirvana,27865999,28310769
147,Nicky Jam,27839029,30366327
148,Miguel,27835809,34144669
149,Frank Ocean,27775072,27775072
150,ABBA,27756518,28390214
151,Lil Durk,27688791,34773282
152,Flo Rida,27655303,28152627
153,Troye Sivan,27324893,28352154
154,Robin Schulz,27163571,34908935
155,Kygo,27098941,29436685
156,Bon Jovi,26747426,26864457
157,Junior H,26714363,28680566
158,Ty Dolla $ign,26675835,29389940
159,Calum Scott,26667453,28397540
160,Steve Lacy,26650153,29765204
161,Jack Harlow,26620407,32198313
162,Eslabon Armado,26453581,40132836
163,Daniel Caesar,26269701,26993957
164,Stephen Sanchez,26219969,34322910
165,Bee Gees,26203297,26203297
166,The Police,26182817,26182817
167,Meghan Trainor,26105163,37377997
168,Fall Out Boy,26034639,30377374
169,DJ Khaled,26022795,27862957
170,FIFTY FIFTY,25946120,37675143
171,Maria Becerra,25927836,26919900
172,The Rolling Stones,25826785,25826785
173,Morgan Wallen,25748660,26588086
174,d4vd,25720715,31836766
175,Twenty One Pilots,25691096,27206643
176,Carin Leon,25609771,25609771
177,Lost Frequencies,25466808,25466808
178,NewJeans,25411049,26786050
179,Akon,25310879,26975304
180,David Kushner,25151742,27928294
181,PinkPantheress,25151265,39844680
182,Amitabh Bhattacharya,25062547,26965104
183,Metallica,25060410,26870829
184,Sabrina Carpenter,25017911,25017911
185,Mariah Carey,24989476,24989476
186,Major Lazer,24984663,25065451
187,Nelly Furtado,24962665,24962665
188,JVKE,24850437,31684143
189,Tame Impala,24668031,26702310
190,Swedish House Mafia,24623937,24899684
191,Tyga,24604130,25118039
192,Jonas Brothers,24509669,25278372
193,Alicia Keys,24418967,25833027
194,Yng Lvcas,24340556,32431402
195,Tory Lanez,24339532,24339532
196,ZAYN,24323031,26177320
197,Polo G,24310207,24908452
198,BLACKPINK,24221202,25116235
199,Yandel,24214789,27875326
200,Kid Cudi,24184963,25014740
201,Duki,24181175,26492455
202,Mac Miller,24074093,24328100
203,Radiohead,24014999,25390483
204,Enrique Iglesias,24010676,24875119
205,Pop Smoke,23985199,25280553
206,Anirudh Ravichander,23976058,23976058
207,Christina Aguilera,23817447,24406255
208,ArcÃ¡ngel,23798577,29918189
209,Glass Animals,23750110,28077809
210,Ryan Castro,23745395,23769862
211,Don Toliver,23741853,29569041
212,Alok,23687842,24137105
213,Romeo Santos,23683598,29261273
214,Luke Combs,23665095,23778371
215,Peggy Gou,23475593,23475593
216,Conan Gray,23450283,24741096
217,Aerosmith,23377764,23447874
218,Whitney Houston,23349781,24487241
219,Zara Larsson,23300652,26403685
220,Gorillaz,23290331,41977704
221,Tom Odell,23284933,28365299
222,Charli XCX,23281504,24071976
223,Disney,23281326,24054234
224,2Pac,23214872,24294167
225,Giveon,23176661,25291400
226,Joji,23123178,29284554
227,Em Beihold,23042309,26666031
228,R3HAB,22953721,23584295
229,Tate McRae,22852503,32013045
230,Fuerza Regida,22820125,24340375
231,Panic! At The Disco,22806854,26282167
232,Dr. Dre,22806583,23239378
233,Jennifer Lopez,22800360,23502805
234,El Alfa,22652171,22652171
235,Ne-Yo,22638529,22638529
236,Childish Gambino,22636743,23794827
237,Martin Garrix,22635843,23962214
238,Billy Joel,22567417,22858255
239,Vance Joy,22539880,24815037
240,Eladio Carrion,22534665,26738598
241,Trippie Redd,22527269,22531523
242,Mark Ronson,22509775,23123246
243,Macklemore & Ryan Lewis,22494608,22494608
244,Ryan Lewis,22451715,22451715
245,The Lumineers,22447688,22447688
246,Shilpa Rao,22415004,22415004
247,Nicki Nicole,22404339,24400549
248,Mora,22354623,22354623
249,Megan Thee Stallion,22276169,24128927
250,Elley DuhÃ©,22242502,25586962
251,The Killers,22220165,22220165
252,Kim Petras,22209434,46551289
253,Luis Fonsi,22126853,23290182
254,MÃ¥neskin,22017529,26818201
255,Vishal-Shekhar,22017118,24626006
256,Sachin-Jigar,21882944,24755766
257,Skrillex,21776916,23635431
258,Paramore,21507264,21953962
259,MEDUZA,21452812,22148251
260,Clean Bandit,21416998,23755636
261,Camilo,21355225,21515170
262,The Notorious B.I.G.,21337810,23352541
263,Brent Faiyaz,21328005,22307149
264,Felix Jaehn,21252900,22767105
265,Lizzo,21204430,30100497
266,Jonas Blue,21171279,22821691
267,John Legend,21156371,24516883
268,Lorde,21135977,21135977
269,Sech,21069014,23591625
270,Outkast,21054876,21054876
271,Zach Bryan,21027724,21027724
272,Summer Walker,20988470,21447325
273,JID,20839227,24589102
274,Wisin & Yandel,20830791,23350285
275,Foo Fighters,20702362,22630908
276,Phil Collins,20668195,20868436
277,Bastille,20612768,20612768
278,Zion & Lennox,20579547,22169487
279,Roddy Ricch,20560456,23016594
280,Tanishk Bagchi,20541786,23360299
281,Anitta,20478580,24747002
282,Eagles,20377153,20867139
283,Natanael Cano,20317260,25627596
284,TOTO,20311058,20311058
285,Offset,20266550,24969472
286,Plan B,20263118,20730655
287,NLE Choppa,20234883,24991591
288,U2,20231049,20920933
289,Oasis,20201900,20341409
290,Lauv,20133270,20320115
291,Jubin Nautiyal,20122460,22249499
292,KK,20082172,20082172
293,Anderson .Paak,20064181,22604620
294,Burna Boy,20059135,20059135
295,Tears For Fears,20049284,20049284
296,Udit Narayan,20017880,20344679
297,Marvin Gaye,19999932,19999932
298,Ruth B.,19993155,22101563
299,Daft Punk,19955865,22870534
300,Rels B,19927938,19927938
301,Tiago PZK,19841135,22253606
302,Chris Stapleton,19801736,19801736
303,Christian Nodal,19764453,20998189
304,Bryan Adams,19753710,20988297
305,5 Seconds of Summer,19747371,20561330
306,Reik,19710478,20365963
307,Darshan Raval,19709477,19709477
308,Timbaland,19697130,19697130
309,Bob Marley & The Wailers,19665617,20574539
310,Gabito Ballesteros,19637756,21000728
311,Alesso,19557582,20146977
312,Florence + The Machine,19552706,20421919
313,PNAU,19504177,22323897
314,A Boogie Wit da Hoodie,19293685,22882543
315,B.o.B,19263068,19279361
316,Grupo Firme,19086940,19231331
317,Stevie Wonder,19033396,19152891
318,TINI,19022854,22906402
319,Alka Yagnik,19006775,20003871
320,Jay Wheeler,18977419,18977491
321,Nelly,18927046,18934660
322,Kesha,18881699,20265888
323,Shankar Mahadevan,18856947,18858687
324,Big Sean,18842322,20137963
325,Becky Hill,18830073,20058164
326,Julia Michaels,18826294,19031718
327,Pink Floyd,18791532,19735588
328,Hotel Ugly,18736585,18736585
329,The Offspring,18727741,18974256
330,MC Kevin o Chris,18621476,19054899
331,Danny Ocean,18500280,19413332
332,Migos,18431323,19231013
333,Led Zeppelin,18414926,19271072
334,Avril Lavigne,18335483,20377425
335,Juanes,18327301,18327301
336,Journey,18282249,18820358
337,Vishal Mishra,18261208,18261208
338,French Montana,18158009,18824754
339,Train,18142889,18233868
340,Doechii,18083033,18255625
341,Piso 21,18041669,18475745
342,Jonita Gandhi,18013716,18013716
343,R.E.M.,17988456,18075934
344,Carly Rae Jepsen,17950309,18869973
345,Elvis Presley,17943572,18250177
346,Oliver Tree,17918599,33995315
347,blink-182,17911522,18320916
348,Cigarettes After Sex,17884283,17884283
349,Alec Benjamin,17821830,21741517
350,"Earth, Wind & Fire",17739235,17814587
351,Kelly Clarkson,17736733,19069054
352,League of Legends,17629115,19497150
353,Joel Corry,17608419,18601830
354,Dire Straits,17583132,17760775
355,a-ha,17509236,19841837
356,Shaggy,17474596,18459819
357,Aventura,17468742,17471920
358,System Of A Down,17456630,18130029
359,ManÃ¡,17455399,18038073
360,Daryl Hall & John Oates,17454211,17454211
361,BeÃ©le,17430193,17430193
362,blackbear,17365114,19962853
363,Justin Quiles,17364884,21467956
364,Little Mix,17298704,18369704
365,Ãengo Flow,17290081,22145574
366,Luis Miguel,17287281,18979295
367,Dean Lewis,17282123,19535547
368,De La Ghetto,17276193,20551958
369,YoungBoy Never Broke Again,17263743,19051130
370,Baby Keem,17258372,19003131
371,Alessia Cara,17190344,17349861
372,PARTYNEXTDOOR,17182482,18054870
373,Vishal Dadlani,17102060,18868957
374,Niall Horan,17046772,27578996
375,Jason Mraz,17024069,17226912
376,G-Eazy,17013957,17912081
377,Backstreet Boys,16972687,17431880
378,Sonu Nigam,16957534,17180089
379,The Cranberries,16946878,16946878
380,The Cure,16913364,17197307
381,Chinmayi,16911977,16911977
382,Lil Tjay,16885557,19548091
383,Atif Aslam,16866865,17893030
384,Cris Mj,16861487,19079138
385,Steve Aoki,16859565,21606912
386,Mac DeMarco,16836296,18145084
387,David Bowie,16821498,17901607
388,Shania Twain,16809895,17682454
389,Emilia,16804719,18124895
390,George Michael,16790739,16790739
391,Imanbek,16787217,18669813
392,Dominic Fike,16781477,20806994
393,Libianca,16748951,21800126
394,The Script,16748730,16748730
395,Russ,16701888,16701888
396,George Ezra,16660984,18364138
397,Nile Rodgers,16656408,20102441
398,Jasleen Royal,16651077,16651077
399,FMK,16640237,17577323
400,Mohit Chauhan,16632516,18491100
401,Zedd,16592427,16864646
402,Gucci Mane,16553573,16553573
403,Bryson Tiller,16551017,16965435
404,Luis R Conriquez,16514511,18605177
405,Prince Royce,16491435,17608087
406,Mc Gw,16488133,16488133
407,Eden MuÃ±oz,16485789,16485789
408,Lynyrd Skynyrd,16456350,16572873
409,NF,16455308,19447227
410,LUDMILLA,16391761,16391761
411,Quavo,16303771,17155421
412,Bill Withers,16261729,16261729
413,Sachet Tandon,16227051,17257983
414,Bruce Springsteen,16226643,17869969
415,AP Dhillon,16210854,16210854
416,Ice Cube,16195049,18290286
417,Lil Tecca,16138802,16138802
418,LIT killah,16101675,16770036
419,Kungs,16063291,16442885
420,Jax Jones,16051684,17202952
421,Topic,16040418,16634144
422,Ella Henderson,16025418,17142204
423,Los Ãngeles Azules,16021310,16021310
424,Jessie J,15971871,16354955
425,Tove Lo,15970694,16726850
426,Bad Gyal,15942222,15942222
427,benny blanco,15930635,18291830
428,Rosa Linn,15915017,22368082
429,Lord Huron,15906977,15906977
430,Gesaffelstein,15891155,18995025
431,Tokischa,15856953,15856953
432,Banda MS de Sergio LizÃ¡rraga,15852687,16144034
433,Keane,15823574,16818849
434,The White Stripes,15800722,15808149
435,MC Ryan SP,15750834,15750834
436,Badshah,15710761,15817767
437,The Goo Goo Dolls,15704120,16193584
438,John Mayer,15629289,17101929
439,Shankar-Ehsaan-Loy,15619026,15619026
440,Nickelback,15571772,15571772
441,070 Shake,15549639,30903161
442,Ana Castela,15542197,15542197
443,My Chemical Romance,15525039,16000446
444,Sunidhi Chauhan,15477126,16752575
445,Cyndi Lauper,15453338,16392835
446,Bon Iver,15427244,15427244
447,Kings of Leon,15415693,15517769
448,Ricky Martin,15401930,15850419
449,beabadoobee,15334890,17155398
450,Brray,15301717,15301717
451,Noah Kahan,15259153,16640382
452,Gwen Stefani,15242336,15462234
453,TV Girl,15240196,15240196
454,Blessd,15179576,15491077
455,Santana,15173412,15311085
456,Julieta Venegas,15136147,15174990
457,Gabry Ponte,15117896,15543123
458,Ovy On The Drums,15089695,19658860
459,DENNIS,15073535,15645823
460,NATTI NATASHA,15062502,17498549
461,Amy Winehouse,15060801,15061837
462,Annie Lennox,15024556,15046117
463,6LACK,15006811,16978376
464,Black Sabbath,14873594,14873594
465,Carlos Vives,14861437,15105637
466,B Praak,14842549,16083066
467,Kylie Minogue,14838923,15935222
468,Alejandro FernÃ¡ndez,14799640,16078925
469,Lil Peep,14749584,15038447
470,Bomba EstÃ©reo,14740676,18055394
471,Armin van Buuren,14739359,15231658
472,Jain,14707409,16926660
473,Rusherking,14658187,15596238
474,Mike Posner,14619745,14745638
475,Morat,14595190,15733395
476,Clairo,14585428,14585428
477,Big One,14579468,16419449
478,Kunaal Vermaa,14549882,14549882
479,Lenny TavÃ¡rez,14505595,14627402
480,Disclosure,14499906,15496017
481,Melanie Martinez,14499873,20251491
482,Madison Beer,14495280,14828204
483,Purple Disco Machine,14464092,14934992
484,Weezer,14439765,15286346
485,Frank Sinatra,14391925,14391925
486,Mithoon,14380477,14569645
487,Fred again..,14358951,14508496
488,Armaan Malik,14291502,16761065
489,Kacey Musgraves,14284778,14284778
490,Benson Boone,14274669,14307536
491,Jorja Smith,14242850,14672140
492,Meek Mill,14213200,15553179
493,Tony Dize,14179930,14187225
494,Destiny's Child,14171491,14542444
495,DJ Luian,14170471,19413064
496,Milky Chance,14151286,15853645
497,Lukas Graham,14137648,14795359
498,Empire of the Sun,14125570,14291146
499,New West,14087997,15372580
500,Van Halen,14048868,14349969
501,Passenger,14047859,14407135
502,Neha Kakkar,14034288,15937303
503,Parampara Tandon,14023788,15379200
504,D-Block Europe,14019098,14019098
505,Jaani,14012948,14012948
506,24kGoldn,14012294,15117675
507,Mambo Kingz,14009730,19318210
508,Paulo Londra,13918348,15253786
509,Tones And I,13912509,14965603
510,Himesh Reshammiya,13897260,14754090
511,Rita Ora,13829017,15748850
512,Kehlani,13773404,14545020
513,Zendaya,13750898,14154770
514,Asees Kaur,13746431,15041867
515,Limp Bizkit,13745027,13745027
516,Gym Class Heroes,13737194,14681834
517,Galantis,13730004,16168291
518,Maren Morris,13716963,14821271
519,Rae Sremmurd,13680387,15144345
520,Los Tucanes De Tijuana,13667156,13667156
521,Arcane,13661956,16018371
522,Sam Feldt,13606617,15313300
523,Tems,13595161,14154825
524,The 1975,13559423,16303938
525,Foster The People,13556684,13958743
526,Cage The Elephant,13554549,13555170
527,Tulsi Kumar,13553064,14928757
528,Grupo Marca Registrada,13553062,15390642
529,Jesse & Joy,13532022,13956774
530,Alejandro Sanz,13520993,14395340
531,X Ambassadors,13513613,14934403
532,Sean Kingston,13500823,13512941
533,Rochak Kohli,13497098,14635559
534,Depeche Mode,13481263,14555707
535,Javed Ali,13463479,13996014
536,Dolly Parton,13458703,14361010
537,Dan + Shay,13428922,15689498
538,Coolio,13406704,13884382
539,King,13383003,16307386
540,Eyedress,13377144,13377144
541,Rex Orange County,13355048,16098724
542,Muse,13344215,13793019
543,Neeti Mohan,13342643,14400198
544,Silk Sonic,13330824,15167191
545,sped up nightcore,13329402,17931530
546,Ms. Lauryn Hill,13327564,13354222
547,Fast & Furious: The Fast Saga,13285863,20526487
548,Aitana,13274850,15094220
549,Wisin,13261016,15614069
550,Machine Gun Kelly,13241212,14429847
551,CÃ©line Dion,13224660,13852973
552,Florida Georgia Line,13198545,13886025
553,Lil Yachty,13193027,13460078
554,Shubh,13187776,13187776
555,Scorpions,13184116,13334338
556,Kordhell,13164820,14497317
557,Pearl Jam,13161368,13397739
558,KISS,13149841,13671399
559,Bazzi,13111121,14609192
560,Bring Me The Horizon,13110469,14321194
561,DJ Nelson,13041599,13041599
562,Chase Atlantic,13003848,13183688
563,Amaal Mallik,13000859,13764448
564,WILLOW,12961454,15561760
565,Dulquer Salmaan,12956266,12956266
566,Tammi Terrell,12952760,12952760
567,Blondie,12949446,13057727
568,The Smiths,12939257,12939257
569,Hariharan,12936969,12937947
570,Pablo AlborÃ¡n,12915982,12924373
571,Jowell & Randy,12914399,12918152
572,Laufey,12906283,12906283
573,The Strokes,12906248,12989467
574,Nicky Youre,12895618,16422807
575,Taio Cruz,12885150,13246597
576,Boney M.,12859029,13636105
577,girl in red,12852327,12881109
578,LuÃ­sa Sonza,12779320,12779320
579,Milo j,12759373,14194175
580,Yahritza Y Su Esencia,12752992,15778618
581,Van Morrison,12740150,13440284
582,The Game,12704338,12717750
583,Jack Johnson,12696219,12705571
584,NAV,12685475,24009796
585,Dermot Kennedy,12666199,14690713
586,Nio Garcia,12636759,13791945
587,MGMT,12632508,12859126
588,MarÃ­lia MendonÃ§a,12621397,14932890
589,Lata Mangeshkar,12599244,12686479
590,Gusttavo Lima,12574418,12574418
591,MNEK,12574196,13903326
592,Electric Light Orchestra,12535208,13492386
593,Jeremih,12527656,12527656
594,S3BZS,12517406,12517406
595,Kane Brown,12491654,13741481
596,Mc Don Juan,12453939,12740103
597,Evanescence,12427349,12427349
598,Benny Dayal,12400284,12400284
599,Bradley Cooper,12397414,13661847
600,Sid Sriram,12396163,12396163
601,Mau y Ricky,12388586,12943019
602,Henrique & Juliano,12375381,12589995
603,iann dior,12374919,14436905
604,Chino Pacas,12362414,13958546
605,Sky Rompiendo,12316903,16344563
606,Rahat Fateh Ali Khan,12281250,14303179
607,Fergie,12233012,12233012
608,Rick Ross,12232666,12417329
609,Payal Dev,12229639,12229639
610,Loreen,12194769,18358956
611,Foreigner,12184975,13868177
612,Eurythmics,12176576,12176576
613,Tyler Childers,12153177,12153177
614,Hailee Steinfeld,12150295,14217074
615,Gustavo Mioto,12149819,12149819
616,The Beach Boys,12148056,13022489
617,Selena Gomez & The Scene,12134825,12240569
618,Christina Perri,12120972,13177892
619,Dalex,12120281,15759825
620,Shekhar Ravjiani,12105273,15805465
621,Oscar Maydon,12096350,12908036
622,Chayanne,12082584,12084182
623,Matheus & Kauan,12069790,12069790
624,Yeat,12057928,12395785
625,Eric Clapton,12022195,12508878
626,Logic,12003658,13970820
627,M83,11982170,12006228
628,Luan Pereira,11962077,11962077
629,Michael BublÃ©,11953122,11953122
630,Noah Cyrus,11929770,13719050
631,Slipknot,11905027,12652937
632,S. P. Balasubrahmanyam,11899072,11902413
633,Ashe,11866980,11929826
634,will.i.am,11865210,12835275
635,Blur,11847080,12999306
636,Goodboys,11828871,12349197
637,Seeb,11828823,12208460
638,keshi,11822317,13668403
639,Kumaar,11797376,16746132
640,Felipe Amorim,11785140,11785140
641,Tina Turner,11782461,19164105
642,Calibre 50,11776754,12843859
643,CKay,11767760,15504745
644,Thundercat,11752053,14506297
645,Beach House,11751820,12185948
646,Normani,11751362,12124105
647,Morad,11724819,12132801
648,Luan Santana,11716351,11716351
649,James Hype,11714485,13541656
650,Jatin-Lalit,11711637,11713102
651,Busta Rhymes,11709674,11856664
652,dazy,11698866,14690270
653,T-Pain,11690949,11766687
654,DNCE,11686566,11981312
655,Robbie Williams,11681764,11875920
656,Loud Luxury,11678616,12238932
657,SYML,11673747,13654711
658,SalimâSulaiman,11668946,12134086
659,Sigala,11667778,15011420
660,James Blunt,11656003,12564967
661,Ke Personajes,11653793,11789284
662,ZÃ© Neto & Cristiano,11653473,11653473
663,Luke Bryan,11646218,12170317
664,The Clash,11627935,12028653
665,Sade,11627309,12799239
666,AURORA,11613956,13167918
667,V,11606153,11606153
668,Saiko,11603478,11603478
669,A$AP Ferg,11600864,12133735
670,James Bay,11592902,11931200
671,Spice Girls,11577466,12466014
672,Lyanno,11574495,14535766
673,Paul McCartney,11573817,12562122
674,Tracy Chapman,11560802,11917981
675,INNA,11553441,11722076
676,Mari Fernandez,11536832,12592523
677,Johnny Cash,11534601,11955065
678,Wham!,11533536,11533536
679,Papa Roach,11525569,11525569
680,Aretha Franklin,11524332,13183598
681,Key Glock,11519380,11519380
682,The Pussycat Dolls,11516978,11566351
683,Ciara,11498096,11780496
684,Kate Bush,11490818,14101915
685,Sukhwinder Singh,11489132,11489132
686,FISHER,11488151,11494578
687,Lionel Richie,11482572,11623824
688,Anu Malik,11473160,12058014
689,WALK THE MOON,11444526,11883990
690,Simon & Garfunkel,11409572,12013714
691,Marc Anthony,11403042,14118563
692,Yuvan Shankar Raja,11396407,11396407
693,Billy Idol,11379187,11900592
694,Altamash Faridi,11376980,13542217
695,John Newman,11366247,12154111
696,3 Doors Down,11363335,11435840
697,Zac Brown Band,11359157,11574609
698,John Martin,11351478,11535835
699,K. S. Chithra,11339272,11364537
700,Los Enanitos Verdes,11317703,11538324
701,Cults,11316837,13266271
702,Lin-Manuel Miranda,11315976,12025330
703,Mitski,11310399,11457947
704,Prince,11296425,11836356
705,Kadu Martins,11268989,11268989
706,Santa Fe Klan,11255812,11255812
707,Devi Sri Prasad,11241644,12101218
708,Tom Petty,11238824,11238824
709,Moneybagg Yo,11237831,13361761
710,The Walters,11237281,11865299
711,(G)I-DLE,11207374,12216685
712,Ãejo,11203209,11625762
713,Jorge & Mateus,11197401,11885902
714,Brytiago,11182139,11182139
715,YG,11179867,12471725
716,Dove Cameron,11178406,15363797
717,Jaymes Young,11176774,13123344
718,The Doors,11176130,11823570
719,Soulja Boy,11166216,11166216
720,James Blake,11165921,12512105
721,$uicideboy$,11158631,11182829
722,Leon Bridges,11155370,11503891
723,Stromae,11146761,11758771
724,Joan Sebastian,11144520,11169107
725,Diljit Dosanjh,11136581,11708690
726,Amit Trivedi,11134514,14989573
727,Manu Chao,11122415,11659241
728,LISA,11105985,13364607
729,Seafret,11059486,12965413
730,JhenÃ© Aiko,11026717,11509802
731,Israel & Rodolffo,10999760,11483711
732,H.E.R.,10995651,12500641
733,SOG,10993866,10993866
734,Wesley SafadÃ£o,10977362,10997207
735,YNW Melly,10970283,12098740
736,Gurinder Gill,10967648,11301680
737,Diddy,10949396,12776020
738,Maiara & Maraisa,10933833,10933833
739,Carrie Underwood,10920421,11522881
740,Timmy Trumpet,10917802,10941916
741,Rod Stewart,10902571,11575035
742,The Smashing Pumpkins,10902411,11044641
743,Bailey Zimmerman,10899853,10899853
744,Bob Sinclar,10876773,10955141
745,La Oreja de Van Gogh,10876307,10876307
746,Gotye,10840730,10840730
747,Nas,10831547,13392042
748,Dimitri Vegas & Like Mike,10829912,11669908
749,Yo Yo Honey Singh,10815334,11186775
750,SofÃ­a Reyes,10804609,12276010
751,Counting Crows,10803347,10864205
752,Thaman S,10780487,10780487
753,Cosculluela,10767894,11011074
754,Hombres G,10757760,10758994
755,T.I.,10744267,11230035
756,La Adictiva,10724164,11239076
757,Juan Luis Guerra 4.40,10718577,10964025
758,TLC,10668115,11111317
759,Lenny Kravitz,10665928,10957172
760,Roxette,10649681,11155709
761,Justine Skye,10635767,11860302
762,Rammstein,10629300,11805127
763,INTERWORLD,10600701,10809092
764,Disturbed,10586327,10678951
765,Ben E. King,10584109,10701873
766,Ayra Starr,10558716,12798195
767,Rudimental,10546446,11195138
768,Chance the Rapper,10543446,10952938
769,6ix9ine,10526119,12167814
770,Darell,10508541,10922504
771,Sasha Alex Sloan,10504600,14497829
772,Jeremy Zucker,10500742,12231275
773,Beach Weather,10491090,11162772
774,Camila,10489182,10489182
775,KHEA,10483684,12238856
776,Soda Stereo,10471468,10471468
777,Shouse,10465461,13218201
778,Mumford & Sons,10459358,10459358
779,Korn,10456482,10504909
780,Mary J. Blige,10456126,10456126
781,Olivia Newton-John,10431333,11031469
782,KALEO,10426944,10426944
783,Survivor,10411352,10572103
784,John Lennon,10405541,11118291
785,Guilherme & Benuto,10400018,10856086
786,Cartel De Santa,10378022,15547760
787,2 Chainz,10353764,13821264
788,Kumar Sanu,10349727,10352600
789,Danna Paola,10342684,12298665
790,Cazzu,10342214,10701834
791,Shinda Kahlon,10329353,10329353
792,bbno$,10325079,10348710
793,Gigi D'Agostino,10322082,10406240
794,Jordan Davis,10318612,11241855
795,A7S,10311540,11363223
796,Fifth Harmony,10304947,10680046
797,fun.,10301628,12280955
798,Belanova,10284935,10284935
799,FAST BOY,10276283,11900190
800,Flume,10274981,10814253
801,Veigh,10271396,10271396
802,Mc Livinho,10269046,10591190
803,Regard,10268704,11405051
804,TOMORROW X TOGETHER,10262457,11544021
805,Thomas Rhett,10242227,11239778
806,SAINt JHN,10240598,10812618
807,Jess Glynne,10229614,10766008
808,Matheus Fernandes,10225156,10225156
809,Zion,10224872,11549405
810,AJR,10205951,11478322
811,Kenny Loggins,10200387,10573523
812,Wizkid,10193951,13758308
813,Marco Antonio SolÃ­s,10190863,10296202
814,Shadab Faridi,10177076,12567527
815,Three Days Grace,10168254,10307314
816,GAYLE,10166833,12635740
817,Kimbra,10161294,10161294
818,Yusuf / Cat Stevens,10141636,10681674
819,Hans Zimmer,10132691,10132691
820,Jessie Reyez,10131037,21763207
821,Lizzy McAlpine,10123490,18459665
822,Sadhana Sargam,10114594,10217430
823,Taiu,10111704,13373236
824,Owl City,10095113,10331661
825,Supertramp,10076850,10076850
826,NIKI,10066210,10179388
827,Simone Mendes,10064336,10064336
828,Chief Keef,10046109,10200557
829,Sting,10042495,10379484
830,MAGIC!,10042303,10339521
831,Natalia Lafourcade,10031467,10634148
832,Gera MX,10031334,10245917
833,Riton,10025454,11432336
834,TWICE,10023650,12855155
835,Sidhu Moose Wala,10022146,11847588
836,The Fray,10004725,10006198
837,Kelsea Ballerini,10001707,10570841
838,KayBlack,9993884,10492966
839,L7NNON,9985168,11295456
840,Grupo Menos Ã Mais,9982472,9982472
841,Trueno,9974071,9974071
842,INXS,9960038,10113379
843,Sleepy Hallow,9942289,10017461
844,Kany GarcÃ­a,9940323,9952938
845,Birdy,9918832,10791626
846,Mae Stephens,9915545,11344894
847,Alfredo Olivas,9905823,10127826
848,Bacilos,9898399,10433365
849,MC Cabelinho,9894565,10019022
850,Sum 41,9888073,10096879
851,Colbie Caillat,9887684,9998534
852,Los Tigres Del Norte,9881792,10109410
853,Juan Gabriel,9873768,9873768
854,Zac Efron,9872942,10200779
855,The Mamas & The Papas,9870923,10043060
856,sped up + slowed,9853625,11797289
857,Otis Redding,9852094,10156799
858,BÃRNS,9846185,10042261
859,Mc Pedrinho,9822284,10575967
860,Stormzy,9813546,10986282
861,Karthik,9812589,9817559
862,Dhvani Bhanushali,9808363,11726344
863,Jimmy Eat World,9804332,9955254
864,Tim McGraw,9799293,10323631
865,Rage Against The Machine,9799094,10069643
866,Jason Aldean,9784148,11170383
867,Icona Pop,9756151,9756151
868,Phoebe Bridgers,9745428,9745428
869,Tego CalderÃ³n,9741345,10383550
870,MK,9741098,9741098
871,Lunay,9722175,10669807
872,The Black Keys,9720099,9922179
873,C. Tangana,9717884,10662242
874,Ryan Gosling,9714871,13365753
875,Migrantes,9711549,14283705
876,Harris Jayaraj,9711316,9712164
877,BIA,9706788,9706788
878,Nadin Amizah,9703327,9703327
879,Fireboy DML,9700123,10491359
880,Isabel LaRosa,9700084,9880750
881,YOASOBI,9695052,10365956
882,Pedro CapÃ³,9673452,11680899
883,AgroPlay,9670733,10800061
884,Rascal Flatts,9664065,10060800
885,James Carter,9656139,11924918
886,Kailash Kher,9653755,9748809
887,JuliÃ³n Ãlvarez y su NorteÃ±o Banda,9650635,10658698
888,Mustard,9644589,10797192
889,Yuridia,9643462,11583989
890,Ofenbach,9635613,12268743
891,Cher,9635302,10072106
892,MARINA,9630446,9930863
893,ILLENIUM,9625234,12528350
894,Ozzy Osbourne,9607590,9607590
895,Bob Dylan,9595254,10391094
896,Young Nudy,9589594,10106926
897,AminÃ©,9576485,11894189
898,LE SSERAFIM,9564802,11538091
899,Heart,9550535,10760608
900,Pixies,9546160,9688191
901,Cordae,9545919,11325024
902,R. D. Burman,9536148,9770123
903,Jeet Gannguli,9529092,10569963
904,Takeoff,9526541,10587587
905,Fujii Kaze,9505719,11578504
906,Smash Mouth,9494485,9494485
907,Vicente FernÃ¡ndez,9494414,10192747
908,Kansas,9491265,9780801
909,Matt Sassari,9482324,10151818
910,Rag'n'Bone Man,9480937,9480937
911,Ghea Indrawari,9471480,9471480
912,Pink Sweat$,9468284,10134814
913,Shaan,9464733,9767423
914,GIMS,9460495,10331035
915,Hoobastank,9455035,9661245
916,Kaliii,9446479,15169221
917,Bonnie Tyler,9446349,9640695
918,Mon Laferte,9437178,9444547
919,Gnarls Barkley,9429897,9429897
920,Thalia,9419663,9975578
921,No Doubt,9417196,9483743
922,M.I.A.,9394684,9763476
923,Sfera Ebbasta,9379484,11111971
924,Snow Patrol,9378617,9458459
925,Eric Church,9368340,9854923
926,Ghost,9367569,9577779
927,DMX,9361469,10919370
928,Louis Armstrong,9343207,9381586
929,Carla Morrison,9341520,11635580
930,ZZ Top,9327449,11719790
931,El Fantasma,9318583,9409267
932,Wolfine,9306575,9306575
933,Lola Indigo,9304364,12485738
934,Dilsinho,9304049,9304049
935,ENHYPEN,9300952,9694348
936,Ski Mask The Slump God,9300723,10318769
937,Mahalini,9284052,10318564
938,Tulus,9281231,9404134
939,Sam Hunt,9279020,10404841
940,Bakar,9258923,10118759
941,MC PH,9252105,9252105
942,XamÃ£,9250304,10846179
943,Oliver Heldens,9245688,10165996
944,Dj Nk Da Serra,9242132,9242132
945,Will Smith,9233761,9799337
946,Ajay-Atul,9225258,12421148
947,Kool & The Gang,9222624,9438307
948,DJ Matt D,9219446,9504681
949,The Temptations,9207779,9218250
950,Bryant Myers,9188847,9278299
951,Portugal. The Man,9181962,9664996
952,G. V. Prakash,9180441,9270192
953,Noriel,9176518,9179163
954,Jasiel NuÃ±ez,9176316,9176316
955,Avenged Sevenfold,9167765,9877855
956,Jimi Hendrix,9153763,9582538
957,Miranda!,9137951,10227443
958,Rvssian,9136365,11322904
959,Shiloh Dynasty,9129528,10081564
960,Edgardo NuÃ±ez,9125900,10379736
961,Ranveer Singh,9119186,9119186
962,The Who,9116666,9116666
963,Asha Bhosle,9113946,9113946
964,Kavita Krishnamurthy,9113938,9124420
965,Vulgo FK,9106488,9106488
966,Karan Aujla,9081861,9081861
967,Ãngela Aguilar,9075992,10830921
968,Saweetie,9062270,10180323
969,Jon Pardi,9060857,9868772
970,Capital Cities,9060812,9333131
971,PolimÃ¡ Westcoast,9056736,14509409
972,Jimin,9050703,15723792
973,Rajat Nagpal,9050536,9084412
974,Willy William,9048318,10376125
975,Sajid-Wajid,9040861,9124404
976,Oliver Anthony Music,9040509,9040509
977,Micro TDH,9024902,10282823
978,HUGEL,9008768,9063732
979,Sachet-Parampara,9006803,10271926
980,Simple Minds,8995075,9234833
981,ScHoolboy Q,8991045,9019673
982,Benny Benassi,8990809,9259413
983,Duran Duran,8981644,8981644
984,Beastie Boys,8963032,10144142
985,Deftones,8960980,8960980
986,Lykke Li,8941780,8941780
987,MAX,8940330,9703746
988,"Tito ""El Bambino""",8936710,8936710
989,Andy Grammer,8933805,9853235
990,Sufjan Stevens,8929085,8929085
991,Paloma Faith,8919709,11429573
992,NATTAN,8914591,8914591
993,Dread Mar I,8911243,9302106
994,Blake Shelton,8906722,8987221
995,Roop Kumar Rathod,8904481,8971170
996,Guru Randhawa,8894713,10872244
997,Joey Bada$$,8892251,9716641
998,Sublime,8883246,9326078
999,Diego & Victor Hugo,8870831,8870831
1000,The Verve,8869659,8926326
1001,Alan Jackson,8867885,8867885
1002,Internet Money,8862363,11545527
1003,Fetty Wap,8857960,9053656
1004,Men At Work,8853821,8853821
1005,John Denver,8844512,9898171
1006,MÃ¶tley CrÃ¼e,8840068,9165803
1007,Vacations,8837886,9516804
1008,Nathan Dawe,8837246,9508252
1009,Odetari,8829162,8829162
1010,FINNEAS,8825874,8847886
1011,Javed-Mohsin,8819514,10392053
1012,Chicago,8818009,10005709
1013,Missy Elliott,8801557,11145049
1014,dhruv,8798928,9512222
1015,LMFAO,8794691,9102613
1016,Ella Eyre,8793489,9634618
1017,Juan MagÃ¡n,8785089,8785089
1018,Miguel BosÃ©,8777253,11632240
1019,The Doobie Brothers,8772139,9094086
1020,Thirty Seconds To Mars,8754139,8871576
1021,Surf Curse,8737310,9176404
1022,Soft Cell,8734889,8734889
1023,Norah Jones,8732547,8867934
1024,The Outfield,8729389,9178694
1025,Kodaline,8721488,9358952
1026,Aya Nakamura,8707829,10095739
1027,The Cardigans,8700371,8700371
1028,Richy Mitch & The Coal Miners,8698174,8698174
1029,alt-J,8692531,9522225
1030,Rvfv,8688100,9583453
1031,Miggy Dela Rosa,8680113,11442944
1032,Two Feet,8672429,8773770
1033,Nikhita Gandhi,8671895,10158586
1034,Anggi Marito,8668727,9510926
1035,Ali Gatie,8667629,9794001
1036,The Jackson 5,8667464,9341813
1037,King Von,8651347,9777031
1038,VIZE,8642634,9126611
1039,Creeds,8642479,8642479
1040,Steve Miller Band,8635996,8635996
1041,Talking Heads,8633094,9941912
1042,The MarÃ­as,8615841,9350682
1043,Of Monsters and Men,8606023,8606023
1044,Kenny Chesney,8604177,9602722
1045,Tiara Andini,8600932,8967970
1046,Ricardo Arjona,8561463,9021148
1047,Hugo & Guilherme,8551755,9528511
1048,LANY,8534453,9300075
1049,Zack Tabudlo,8533787,8641464
1050,Sandro Cavazza,8523025,8984668
1051,Standly,8521204,13833044
1052,Mahalakshmi Iyer,8518616,8659677
1053,Duncan Laurence,8507203,9233454
1054,Maggie Rogers,8495392,8522652
1055,ACRAZE,8491332,11380380
1056,Montell Fish,8480575,8480575
1057,Grey,8479073,8679493
1058,Bakermat,8470425,8524206
1059,George Strait,8453718,8453718
1060,JosÃ© JosÃ©,8451387,8457655
1061,Dynoro,8443837,8527596
1062,Tom Grennan,8443009,10804758
1063,Gerardo Coronel,8435290,9613040
1064,Paul Simon,8427600,9120134
1065,Men I Trust,8422936,8422936
1066,Old Dominion,8414360,8895218
1067,Supernova Ent,8413196,8483150
1068,Haze,8411986,8597155
1069,Sheryl Crow,8407938,8407938
1070,Davido,8384146,8713977
1071,Dj Brunin XM,8380916,8380916
1072,Dido,8380069,8519938
1073,LUM!X,8371785,9242972
1074,Stray Kids,8369900,9540156
1075,Darius Rucker,8357257,8377541
1076,Starship,8344274,8437754
1077,Cheat Codes,8329659,10975050
1078,Intense,8323154,8354447
1079,Ray Charles,8307733,8879777
1080,America,8301858,9987492
1081,Lenin RamÃ­rez,8298740,9012853
1082,Deorro,8287012,9060314
1083,Lauren Spencer Smith,8280624,9427721
1084,Calle 13,8280623,8573634
1085,Pailita,8274728,11280046
1086,Gerardo Ortiz,8273401,8801149
1087,Mainstreet,8271320,8436076
1088,Fugees,8267043,8267043
1089,Rekha Bhardwaj,8261857,9098811
1090,HARDY,8259284,8439819
1091,Carlos Rivera,8256388,8754994
1092,Blxst,8254144,9488271
1093,Bibi Babydoll,8235771,8235771
1094,Mc Paiva ZS,8226490,8319214
1095,Dei V,8223830,8385435
1096,The Vamps,8202829,8639951
1097,OMI,8189540,8644180
1098,ZÃ© Felipe,8185635,10925468
1099,Tom Petty and the Heartbreakers,8183763,9008396
1100,LiL CaKe,8181885,13451768
1101,Bvga Beatz,8180663,8243029
1102,Mabel,8176213,9481688
1103,Santhosh Narayanan,8168323,8605615
1104,Abhijeet,8166513,9303119
1105,Varun Jain,8157904,10154680
1106,Alan Menken,8137451,10625887
1107,Lee Brice,8137236,8632311
1108,Tito Double P,8130307,8561872
1109,Miranda Lambert,8126024,9945780
1110,Iron Maiden,8124167,8544793
1111,Robert Miles,8120653,8703859
1112,Willie Nelson,8118773,8118773
1113,Dusty Springfield,8111448,8111448
1114,MKTO,8109415,8268756
1115,Ha*Ash,8106767,8106767
1116,Sash!,8106511,8199995
1117,Niklas Dee,8099854,8099854
1118,JP Saxe,8087369,8627780
1119,Omar Apollo,8084417,11377789
1120,Casper Magico,8078984,9193558
1121,Cody Johnson,8078447,8078447
1122,Elderbrook,8077241,8077241
1123,American Authors,8071697,8209997
1124,WIU,8068432,9867079
1125,Mc Daniel,8065244,8544197
1126,Jessie Murph,8054504,9191410
1127,Oh Wonder,8051793,9090385
1128,Haricharan,8047463,8073718
1129,Gminxr,8045882,8045882
1130,aespa,8043255,8071007
1131,Keith Urban,8034893,9049969
1132,BYOR,8029798,9536786
1133,La Bouche,8015450,8250843
1134,UB40,8006128,8392416
1135,JP Cooper,7998244,8964796
1136,Nina Simone,7984417,8037059
1137,Beach Bunny,7976203,7976203
1138,Shweta Mohan,7976095,8062604
1139,Selena,7967272,8376374
1140,John Travolta,7966275,8234398
1141,Rashmi Virag,7965128,9440437
1142,Victoria MonÃ©t,7961706,7961706
1143,DJ 900,7958328,8645994
1144,MC Hariel,7952216,7952216
1145,Sin Bandera,7951414,8194841
1146,Majid Jordan,7941253,7941253
1147,Murilo Huff,7938749,7938749
1148,Years & Years,7938369,8720570
1149,Diana Ross,7932655,8331381
1150,Gryffin,7931217,10446335
1151,Neeraj Shridhar,7927290,9759193
1152,Boston,7911611,8170775
1153,Brooks & Dunn,7911538,8573894
1154,VINAI,7909742,7909742
1155,4 Non Blondes,7906098,7906098
1156,Jay Sean,7903833,8063447
1157,Parmish Verma,7895534,7896722
1158,Cali Y El Dandee,7894580,7894580
1159,Why Don't We,7893717,9228866
1160,Ana Gabriel,7891142,8004968
1161,Belinda,7876933,8261049
1162,Skillet,7859277,8228762
1163,Keyshia Cole,7858105,7858105
1164,Lady A,7845144,8478872
1165,Patrick Watson,7837595,8684924
1166,IVE,7834887,11793543
1167,Mario,7832468,8224894
1168,Pineapple StormTv,7828956,8011329
1169,Freddie Dredd,7828226,10375038
1170,J Hus,7824659,12569449
1171,The Animals,7817616,7952143
1172,Mike WiLL Made-It,7813540,7813540
1173,El Jordan 23,7812264,7819361
1174,Omega,7808481,8303230
1175,ZECCA,7806625,8088463
1176,Luny Tunes,7800306,7813052
1177,Haddaway,7800181,8484048
1178,Shaarib Toshi,7784926,8923040
1179,Antara Mitra,7784493,8673836
1180,Sam Cooke,7781786,8272187
1181,Iggy Azalea,7781657,8008146
1182,Nusrat Fateh Ali Khan,7778749,8542660
1183,Powfu,7778111,8230459
1184,George Harrison,7766172,8521426
1185,Etta James,7760975,7780859
1186,Caralisa Monteiro,7753051,10073438
1187,Jul,7744953,8479209
1188,John Summit,7731291,7731291
1189,Masked Wolf,7731075,8528561
1190,Crazy Mano,7730113,7730113
1191,Audioslave,7718558,7797330
1192,Kavita Seth,7711859,7918741
1193,GAMPER & DADONI,7710169,7837654
1194,Brando,7706875,7925404
1195,Virgoun,7705521,7706029
1196,Palak Muchhal,7704874,8770113
1197,David Bisbal,7689627,8076574
1198,Novo Amor,7688177,7933042
1199,Baco Exu do Blues,7685466,7819392
1200,Wallows,7683386,8772525
1201,Jungle,7678435,7678435
1202,Axwell /\ Ingrosso,7674902,7728680
1203,Def Leppard,7672897,8333121
1204,Two Door Cinema Club,7660633,7660633
1205,Naresh Iyer,7657475,7657475
1206,Nick Jonas,7656611,8943545
1207,Bob Seger,7650690,7650690
1208,Tion Wayne,7646535,8886575
1209,Cascada,7633823,7761486
1210,Kenny Rogers,7625035,7822977
1211,Connor Price,7622811,8497650
1212,Queens of the Stone Age,7621932,8472804
1213,Tz da Coronel,7620486,7620486
1214,Laura Pausini,7615297,9040595
1215,Guaynaa,7611074,8534285
1216,Marc SeguÃ­,7596817,7600983
1217,HAIM,7591333,9332787
1218,Wall Hein,7591186,8785923
1219,Natasha Bedingfield,7586238,7586238
1220,Joan Jett & the Blackhearts,7580144,7580144
1221,Lainey Wilson,7573256,7626700
1222,Vintage Culture,7569887,7849803
1223,Julian Perretta,7565070,7755492
1224,RÃ­o Roma,7550315,7654075
1225,Pamungkas,7549092,7641250
1226,Jelly Roll,7544680,7795926
1227,Mother Mother,7542393,7933220
1228,Ilaiyaraaja,7539060,7551673
1229,Alice In Chains,7538490,7594340
1230,Trey Songz,7535981,7570205
1231,Rich Brian,7532714,8254977
1232,Neil Diamond,7529562,8108826
1233,Lil Mosey,7524816,8289306
1234,The Paper Kites,7524426,7524426
1235,Rod Wave,7523338,8562500
1236,BoyWithUke,7515875,9580542
1237,Pepe Aguilar,7500285,7643143
1238,MIKA,7498963,7513747
1239,Hiphop Tamizha,7498378,7498378
1240,Cristian Castro,7495718,7542953
1241,Raim Laode,7492300,8878058
1242,AlemÃ¡n,7484783,8226286
1243,The Temper Trap,7478706,7498017
1244,Genesis,7477033,7649870
1245,MF DOOM,7472553,7472553
1246,Soolking,7469582,7491404
1247,Ella Mai,7467769,8167244
1248,Jon Z,7467728,7467728
1249,Carlos Baute,7465000,7658070
1250,The Wanted,7461981,7506378
1251,Rise Against,7461922,7713857
1252,Jaideep Sahni,7460475,7460475
1253,Dennis Lloyd,7459916,7459916
1254,Alisha Chinai,7450826,7477259
1255,Kevin Kaarl,7449806,7635316
1256,Iyaz,7442603,8556472
1257,Ricardo Montaner,7441261,7854090
1258,La Arrolladora Banda El LimÃ³n De Rene Camacho,7436924,7945891
1259,Chris Jedi,7433356,9356538
1260,MÃ,7427902,7669700
1261,Franz Ferdinand,7425790,7513658
1262,Leo Santana,7424473,12793052
1263,Mc IG,7424060,7424060
1264,Melody,7419451,7720840
1265,Neon Trees,7410573,7521599
1266,Kishore Kumar,7398777,7398777
1267,Manuel Medrano,7392499,7828358
1268,RocÃ­o DÃºrcal,7388763,7461701
1269,Roy Orbison,7388425,7636001
1270,Young the Giant,7385436,7686796
1271,Franco De Vita,7378841,7389554
1272,Trinix,7374660,7374660
1273,Sleeping At Last,7370266,7370266
1274,Tinashe,7367881,7367881
1275,Incubus,7359385,7431933
1276,Beck,7359167,7510815
1277,Chuck Berry,7353276,7657716
1278,Ludovico Einaudi,7346111,8279959
1279,Johann Sebastian Bach,7343195,8173764
1280,Feby Putri,7341988,7489978
1281,ZoÃ©,7340262,7607862
1282,MatuÃª,7330801,9088979
1283,Nakash Aziz,7330453,7330453
1284,Hindia,7329545,7329545
1285,Gazo,7329253,7329253
1286,Kanii,7328172,8387470
1287,JENNIE,7322686,7716100
1288,Kenshi Yonezu,7322583,7785393
1289,Ikky,7319262,7339621
1290,BONES,7310305,7968560
1291,Edward Maya,7309240,7804662
1292,Sofi Tukker,7308618,8283427
1293,KAYTRANADA,7302087,9416102
1294,Fitz and The Tantrums,7299169,7368380
1295,Fivio Foreign,7298121,10141150
1296,Lil Jon,7297027,7431810
1297,SEVENTEEN,7288318,9240435
1298,Jarabe De Palo,7276410,7399256
1299,Simple Plan,7268208,7473014
1300,Omah Lay,7259159,9345648
1301,Whethan,7258084,7755433
1302,Gracie Abrams,7249522,8264007
1303,DVRST,7246959,9129451
1304,*NSYNC,7246621,7437447
1305,Los Dos Carnales,7239280,7552257
1306,Leona Lewis,7227033,7543658
1307,Shashaa Tirupati,7221220,8962957
1308,The Kooks,7219432,7312391
1309,PEDRO SAMPAIO,7218461,8176180
1310,Cole Swindell,7214084,8270647
1311,Filipe Ret,7208354,7390235
1312,Stebin Ben,7205929,7205929
1313,Omar Montes,7202554,7405354
1314,Alanis Morissette,7201702,7568383
1315,AndrÃ©s Calamaro,7196124,7200182
1316,Dhanush,7195908,7751673
1317,Social House,7183419,7198904
1318,BM,7178472,7178472
1319,Chelsea Cutler,7176118,8044298
1320,Father John Misty,7173121,7173121
1321,Tochi Raina,7160325,8968139
1322,The All-American Rejects,7155666,7195721
1323,Ankit Tiwari,7150276,8733054
1324,Arunraja Kamaraj,7148230,7148230
1325,Alex Rose,7142587,7160726
1326,Fatboy Slim,7141845,7929652
1327,Banda El Recodo,7137912,7797977
1328,Rick Astley,7133112,7250418
1329,Pol Granch,7122367,7360041
1330,Luciano,7114338,9205446
1331,Irene Cara,7114257,7360429
1332,Gulzar,7112796,7112796
1333,Ivan Cornejo,7112184,7263609
1334,Gloria Gaynor,7109687,7425270
1335,The Kinks,7103888,7248531
1336,Gente De Zona,7103169,7669082
1337,The Proclaimers,7102855,7168267
1338,Vijay Prakash,7101591,7236211
1339,Hades66,7083886,7090026
1340,Paulina Rubio,7078202,7335283
1341,Eros Ramazzotti,7073325,8893059
1342,Travis Barker,7071955,9472692
1343,Aaliyah,7069471,7069471
1344,Lasso,7063765,9535035
1345,CNCO,7048852,8273953
1346,Far East Movement,7025256,7085093
1347,AFROJACK,7021172,8640590
1348,Idina Menzel,7020457,7439845
1349,TarcÃ­sio do Acordeon,7019652,7179448
1350,Brandi Carlile,7010142,8790369
1351,Kxllswxtch,7004753,7726184
1352,La Joaqui,7001250,10853959
1353,Harrdy Sandhu,6994619,8391170
1354,All Time Low,6993590,7476410
1355,CafÃ© Tacvba,6992070,7114538
1356,Kausar Munir,6991044,7851402
1357,Surfaces,6985635,8336270
1358,Crowded House,6974771,6990527
1359,Intocable,6973056,6981752
1360,GROUPLOVE,6968705,7133022
1361,Sixpence None The Richer,6965766,6965766
1362,Soundgarden,6961415,6964411
1363,Ricky Montgomery,6961044,7444216
1364,Fat Joe,6956966,7032533
1365,Anuradha Paudwal,6954008,6954008
1366,Fiersa Besari,6952560,7295990
1367,Melendi,6947912,7018825
1368,JT,6942888,6942888
1369,Jory Boy,6941873,7597345
1370,Hippie Sabotage,6941785,7129907
1371,Angel Y Khriz,6938642,6938642
1372,Manoj Muntashir,6933450,8579459
1373,Baby Rasta,6928966,10986033
1374,Adolescent's Orquesta,6928491,6982829
1375,Dyamante DJ,6928359,7955745
1376,Calle 24,6923319,6923319
1377,Katrina & The Waves,6916936,7316639
1378,Five Finger Death Punch,6916097,7227523
1379,Aditya A,6912215,7472939
1380,Ninho,6908301,7556733
1381,Heuss L'enfoirÃ©,6907181,7118046
1382,Tom Walker,6904341,7463462
1383,Gajendra Verma,6900509,8429794
1384,Mika Singh,6899685,7005095
1385,Tinie Tempah,6898942,7125677
1386,NUEKI,6896804,6896804
1387,Meet Bros.,6896158,7980418
1388,Europe,6894430,7290917
1389,MC Rogerinho,6893155,6893155
1390,Orochi,6893012,8123927
1391,Ajaxx,6888729,6888729
1392,Salve Malak,6886628,7138958
1393,Willie ColÃ³n,6884967,6920664
1394,Luar La L,6876457,7351042
1395,Don McLean,6873385,7945750
1396,DJ Jeeh FDC,6872417,7518377
1397,Denzel Curry,6871793,7991365
1398,$NOT,6867326,8404075
1399,Marquinho no Beat,6866543,7627292
1400,Ja Rule,6865884,6925060
1401,Zoe Wees,6860027,7591811
1402,Skylar Grey,6860019,7395698
1403,twocolors,6859492,6859492
1404,Arjun Kanungo,6855585,6942671
1405,London Symphony Orchestra,6853042,7450279
1406,Marca MP,6850333,8788069
1407,The Cars,6843957,7959787
1408,Eve,6837499,6837499
1409,Hardwell,6836444,7807224
1410,KC & The Sunshine Band,6833764,6976352
1411,Culture Club,6827923,6827923
1412,Prezioso,6824156,7614612
1413,Don Diablo,6822904,7058796
1414,NBSPLV,6813260,6813260
1415,Trevor Daniel,6809162,8057301
1416,SLANDER,6807380,8719324
1417,Yung Gravy,6802418,7845433
1418,Tiakola,6801231,6801231
1419,G Herbo,6799383,7665492
1420,wave to earth,6795966,6795966
1421,D.O.D,6795558,6894397
1422,Falling In Reverse,6789582,7541964
1423,Matchbox Twenty,6789098,7950666
1424,Ludwig van Beethoven,6784662,7134059
1425,YUNGBLUD,6779584,7679145
1426,Gloria Groove,6774629,7167066
1427,Naeleck,6771986,6771986
1428,Lily Allen,6768399,6892058
1429,Ferrugem,6768151,6768151
1430,Marilyn Manson,6764181,6802556
1431,Dom Dolla,6763137,8084738
1432,Shafqat Amanat Ali,6755745,6902950
1433,Kenia OS,6752449,10654452
1434,Jamie Miller,6748550,7017011
1435,HVME,6745395,7567924
1436,Dreamville,6741877,8328012
1437,BANNERS,6740096,7162532
1438,Lil Pump,6738805,7549525
1439,Ayushmann Khurrana,6730227,6849196
1440,Toosii,6720793,10595580
1441,Duke Dumont,6714435,6830967
1442,Megan Moroney,6714429,6746416
1443,Masego,6710253,7402272
1444,Callejero Fino,6699575,8288592
1445,Gloria Estefan,6696606,6989636
1446,88rising,6695082,7606297
1447,Kina,6684382,7274585
1448,Michelle Maciel,6683457,6683457
1449,Cavetown,6683006,7192919
1450,Gloria Trevi,6671030,6671030
1451,KEVIN ROLDAN,6670587,7762548
1452,Ace of Base,6665071,6746395
1453,Billy Ray Cyrus,6664516,7146266
1454,Adriano Rhod,6661405,7235223
1455,Ludacris,6656208,7331813
1456,Joyner Lucas,6655489,8137459
1457,Deep Purple,6655221,6953828
1458,Marta SÃ¡nchez,6651729,6769023
1459,Los Bukis,6650734,6650734
1460,J Alvarez,6643715,6688464
1461,Anand Raj Anand,6643405,7079695
1462,42 Dugg,6641927,9279623
1463,Lalo Ebratt,6638947,6725463
1464,Michael Schulte,6638878,6763607
1465,Astrid S,6638440,8152622
1466,La Quinta Estacion,6637722,6647591
1467,Mariah Angeliq,6636670,7292039
1468,Los Dareyes De La Sierra,6629412,8109226
1469,Martin Jensen,6628882,7722826
1470,Moby,6627516,6889365
1471,Mc Delux,6623143,6623143
1472,Slowboy,6622381,6622381
1473,Jim Croce,6618827,6883199
1474,Garry Sandhu,6612739,6726659
1475,Joe Cocker,6612505,6732918
1476,LeÃ³n Larregui,6610309,6619782
1477,Tony Aguirre,6605280,10073179
1478,Faye Webster,6604099,6618925
1479,Cassie,6600844,7412114
1480,Dierks Bentley,6587642,7306967
1481,JISOO,6587066,16659396
1482,Djonga,6585287,6913820
1483,Roar,6584165,7895115
1484,Commodores,6583230,6583230
1485,Russ Millions,6580755,6598871
1486,Toby Keith,6578635,7446093
1487,Seether,6562468,6562468
1488,Vansire,6555870,7563193
1489,Thalapathy Vijay,6551458,6552696
1490,Khruangbin,6550844,6575231
1491,Eric Prydz,6550251,6649027
1492,Buffalo Springfield,6546262,6546262
1493,Fonseca,6537169,6644386
1494,Aziz Hedra,6534748,6534748
1495,Shakthisree Gopalan,6529743,6529743
1496,Yot Club,6528885,7327559
1497,Nightcrawlers,6528478,7178942
1498,Stone Temple Pilots,6522596,6880970
1499,Frankie Valli & The Four Seasons,6520167,8057325
1500,ITZY,6519820,6712862
1501,Ray Dalton,6514778,7677067
1502,Al Green,6514184,6514184
1503,Hesham Abdul Wahab,6508213,6508213
1504,Cypress Hill,6507932,6986666
1505,El Komander,6506480,6506480
1506,Oruam,6501359,7447471
1507,Yeah Yeah Yeahs,6496342,6587292
1508,Greeicy,6495794,6583585
1509,Plain White T's,6492980,6540172
1510,Ashanti,6488095,6690600
1511,Dallass,6483772,6890974
1512,Oxlade,6479249,7603048
1513,The Living Tombstone,6477040,6477040
1514,Nessa Barrett,6476686,7968073
1515,Xand AviÃ£o,6473567,9060333
1516,Aldo Ranks,6469819,10303679
1517,Rob49,6460755,8014400
1518,Olly Murs,6459605,6682536
1519,Gilberto Santa Rosa,6454977,6526375
1520,Emma Steinbakken,6452619,8501007
1521,Tai Verdes,6451469,7228251
1522,Ãneheart,6450810,6848661
1523,Gala,6450084,6632004
1524,Armani White,6449540,9169180
1525,YouNotUs,6442258,6697313
1526,Cardenales De Nuevo LeÃ³n,6442248,6442248
1527,ODESZA,6439018,6960738
1528,9lives,6436516,6436516
1529,Dustin Lynch,6429689,7196018
1530,JACKBOYS,6427448,6876798
1531,Nat King Cole,6424044,6424044
1532,Prod Malax,6423641,6679507
1533,KSHMR,6423232,7488809
1534,The Hollies,6421257,6421257
1535,Lyodra,6420673,6919226
1536,Elle King,6406688,7911059
1537,ARIZONATEARS,6402514,10670827
1538,Bruno & Marrone,6402394,6415121
1539,Charlie Brown Jr.,6395800,6395800
1540,Matisse,6395675,6528635
1541,Pet Shop Boys,6391057,6679478
1542,El Chapo De Sinaloa,6380886,6380886
1543,Dhee,6369496,6369496
1544,Sujatha,6363931,6372132
1545,Eric Land,6361809,6361809
1546,Asal Kolaar,6359807,6359807
1547,Neo Beats,6353375,8012871
1548,Pantera,6352954,6353685
1549,Nes,6350695,6351287
1550,The Alchemist,6349631,7310016
1551,Bronco,6348574,6348574
1552,Apache 207,6348087,7314287
1553,Mc Mika,6347445,6347445
1554,Creed,6346909,6348228
1555,Aitch,6345876,9426643
1556,Romy,6341223,7215349
1557,Wu-Tang Clan,6339135,6402931
1558,Ashnikko,6333006,6626552
1559,Nagalli,6329411,6571329
1560,ATB,6328964,6328964
1561,Alvaro Soler,6313179,6981343
1562,Sanjay Leela Bhansali,6313035,7114756
1563,1nonly,6311800,6311800
1564,Kotim,6307280,8320344
1565,LATIN MAFIA,6300549,6300549
1566,Jimmy Buffett,6299079,6299079
1567,Crystal Castles,6295742,6295742
1568,Dj Chris No Beat,6294614,6776982
1569,Blackstreet,6291795,6295192
1570,John Mellencamp,6291748,7110678
1571,Mr.Kitty,6283377,7435156
1572,Toploader,6279695,6287968
1573,Tinlicker,6278297,6434892
1574,Lauren Daigle,6274604,6582478
1575,Ramones,6274031,6545054
1576,Nardo Wick,6272333,9227221
1577,Anuv Jain,6271234,6725261
1578,Yandar & Yostin,6269339,6269339
1579,Banda Los Recoditos,6263940,6431737
1580,raissa anggiani,6263503,6827986
1581,Krono,6250635,6709052
1582,Vampire Weekend,6248992,6372661
1583,Breaking Benjamin,6248245,6506213
1584,Indila,6243088,6644160
1585,Lazza,6241608,7325144
1586,Mr. Probz,6238270,7029177
1587,deadmau5,6236404,6583562
1588,Muni Long,6234161,9414284
1589,Maite Perroni,6233154,6883353
1590,Semicenk,6230358,6260568
1591,Disciples,6229481,6295289
1592,Stealers Wheel,6229304,6352542
1593,Aaron Smith,6228800,6683580
1594,W&W,6227682,6251924
1595,Clayton & RomÃ¡rio,6226246,7222239
1596,Vijay Yesudas,6203484,6203484
1597,Abraham Mateo,6202925,6846225
1598,TAEYANG,6199305,8196400
1599,CamelPhat,6196763,6211491
1600,Luck Ra,6196063,6196063
1601,Perera DJ,6194583,6194583
1602,Matt Maltese,6191642,6595342
1603,Leo Dan,6188698,6188698
1604,Matoma,6187522,7558271
1605,Tungevaag,6184876,6968091
1606,Ginuwine,6181400,6309542
1607,Beret,6178616,6605918
1608,ERNEST,6175500,6175500
1609,JoÃ£o Gomes,6174941,8251427
1610,RXDXVIL,6174620,6174620
1611,Hiko,6171871,7964045
1612,Teto,6169689,7893583
1613,RÃFÃS DU SOL,6167032,6357692
1614,Wale,6161904,6636720
1615,Waka Flocka Flame,6152082,6419677
1616,Majestic,6148938,6424865
1617,Steely Dan,6147794,6420590
1618,Bobby Pulido,6141278,6200505
1619,Grimes,6141085,6416104
1620,Ãwnboss,6139329,7398587
1621,The xx,6136436,6136436
1622,Corinne Bailey Rae,6131123,6156488
1623,Last Child,6129837,6129837
1624,M. M. Keeravani,6128106,7564940
1625,EXO,6122742,7053204
1626,PÃ©ricles,6120316,6120316
1627,Young Money,6116602,6167443
1628,Wolfgang Amadeus Mozart,6115385,6669785
1629,Bea Miller,6110833,7414206
1630,Wyclef Jean,6107463,6107463
1631,Natalie Imbruglia,6106752,6218429
1632,Kiki Dee,6104917,6426072
1633,Adriel Favela,6101314,7170042
1634,Pusha T,6087929,6817833
1635,Celia Cruz,6085576,6206551
1636,Dulce MarÃ­a,6081569,6809255
1637,Dxrk ãã¼ã¯,6078343,7340215
1638,NCT DREAM,6072997,6732407
1639,Sara Bareilles,6065678,6548202
1640,Cuco,6062905,6374023
1641,Neoni,6062594,6066190
1642,Suki Waterhouse,6060605,6155247
1643,The National,6057136,8477095
1644,Kid Rock,6057013,6864416
1645,The Blessed Madonna,6054307,6278489
1646,Lilly Wood and The Prick,6052127,6669746
1647,Mc Poze do Rodo,6043724,6047399
1648,Panter BÃ©lico,6043031,6043031
1649,Ovi,6039802,7391087
1650,Jazzy,6035596,6096401
1651,Sukriti Kakar,6033425,9579447
1652,Bellakath,6032859,8068245
1653,LP,6032591,6032591
1654,BENEE,6023434,6861046
1655,Obongjayar,6021166,6232445
1656,bÃ´a,6010913,6010913
1657,RBD,6009647,6551450
1658,Lauana Prado,6006630,6901062
1659,Sadfriendd,6004133,6553727
1660,New Order,5999430,6523858
1661,Shinedown,5998829,6192670
1662,FrÃ©dÃ©ric Chopin,5998524,6604866
1663,Los AutÃ©nticos Decadentes,5996276,6390639
1664,Sheck Wes,5991735,6537153
1665,Alle Farben,5984512,6910068
1666,Westside Gunn,5984415,7172261
1667,Chris Young,5983454,6557043
1668,CRO,5980932,6167724
1669,Pesado,5978102,6326008
1670,Bruno Martini,5977863,6004945
1671,Chase & Status,5976556,6126260
1672,La Roux,5974833,5974833
1673,Kevin Gates,5973041,6599566
1674,Akhil,5965770,8166073
1675,Conor Maynard,5962639,6804973
1676,ThxSoMch,5958414,9386209
1677,Carly Simon,5946527,6304383
1678,DIVINE,5942055,6899750
1679,Mc Kevin,5937708,5937708
1680,gnash,5936780,6319126
1681,DDG,5936525,7270211
1682,The Emotions,5930566,5938617
1683,Ski Aggu,5923929,5923929
1684,Chefin,5920459,5920459
1685,Sam C.S.,5913782,5913782
1686,11:11 Music Group,5906998,8141605
1687,Simply Red,5894467,6037555
1688,Stevie Nicks,5891672,6078955
1689,Billy Currington,5890547,6254418
1690,Lucky Daye,5888435,7754167
1691,IU,5887646,8805240
1692,Rainbow Kitten Surprise,5883763,7503419
1693,Air Supply,5882855,5882855
1694,Anvita Dutt,5873856,6689226
1695,Mc Davi,5872226,6074336
1696,Alejo,5869706,6997702
1697,Boza,5855587,6485199
1698,AnahÃ­,5852075,6599848
1699,Kaskade,5849006,6562786
1700,The Bangles,5843492,6024943
1701,Grupo Niche,5842270,6013120
1702,Phantogram,5839773,6704724
1703,The Pointer Sisters,5838959,5992225
1704,RADWIMPS,5836676,6704898
1705,Lennon Stella,5828897,6542984
1706,Duelo,5827392,5956645
1707,Pat Benatar,5825536,5825696
1708,Arizona Zervas,5823590,6576145
1709,Alvaro Diaz,5823414,5823414
1710,Jet,5823302,7356943
1711,Ana Mena,5820910,6177733
1712,Suzanne D'Mello,5819657,7127071
1713,JubÃ«l,5819473,6965832
1714,Cat Burns,5817846,7835224
1715,Frankie Ruiz,5817729,5925252
1716,Gabby Barrett,5817342,6271572
1717,Brett Young,5813932,6662926
1718,thuy,5808015,5950997
1719,GoldLink,5807342,5807342
1720,Rob Zombie,5806788,5806788
1721,Ana BÃ¡rbara,5804841,6143940
1722,Chris Isaak,5802066,6019359
1723,Peter Gabriel,5801260,5916206
1724,Madism,5801190,6536394
1725,Dillon Francis,5800827,6761800
1726,TRASHXRL,5799172,5799172
1727,Red Velvet,5797937,7748512
1728,A Touch Of Class,5797608,6193660
1729,Alexander Stewart,5792141,5835966
1730,La Mosca Tse-Tse,5791036,5791036
1731,Kenny Dope,5790912,6169342
1732,Steppenwolf,5790885,5850511
1733,MC Menor MT,5787911,7668287
1734,Chino & Nacho,5786852,5797274
1735,Mike Perry,5786843,6662346
1736,Lily-Rose Depp,5786818,7832924
1737,Bryan Martin,5786225,5786225
1738,ChitÃ£ozinho & XororÃ³,5784285,5784285
1739,Hungria Hip Hop,5782625,5782625
1740,Tyler Hubbard,5781660,6415587
1741,Sub Urban,5779107,6184586
1742,James Taylor,5775165,6099568
1743,Whitesnake,5773102,5797174
1744,Caifanes,5772645,5772645
1745,Martin Solveig,5772235,6162897
1746,Rich The Kid,5770895,8433306
1747,Beny Jr,5768253,6831062
1748,Naldo Benny,5767816,5869368
1749,Elevation Worship,5759350,5759350
1750,PSY,5756616,5919444
1751,Kris Kross Amsterdam,5753650,5976796
1752,Money Man,5752902,6115902
1753,Wings,5746821,5856394
1754,Virlan Garcia,5742273,6495226
1755,ValentÃ­n Elizalde,5739586,5888379
1756,Bas,5736032,6610936
1757,LSD,5735368,5790042
1758,Los Temerarios,5734984,5734984
1759,Naps,5732205,5862526
1760,Yo Gotti,5730514,6056530
1761,Tom Jones,5729399,5729399
1762,Christian ChÃ¡vez,5727190,6446229
1763,A Tribe Called Quest,5726158,5732005
1764,La Ley,5719979,5945410
1765,Los Fabulosos Cadillacs,5719340,6185099
1766,RAF Camora,5717441,6677495
1767,Quality Control,5716972,6462956
1768,Aastha Gill,5715876,6157404
1769,Abhijay Sharma,5709827,8368836
1770,Modern Talking,5709669,5732548
1771,Teddy Swims,5706645,5706645
1772,Paradox,5705107,5705107
1773,Pierce The Veil,5704210,5882692
1774,Mc JacareÌ,5695310,6839972
1775,Alice Cooper,5691834,6556165
1776,Vanessa Carlton,5689510,5697299
1777,Ed Maverick,5686166,5938489
1778,Cookin' On 3 Burners,5685420,5777256
1779,"Grover Washington, Jr.",5685091,6084681
1780,Mark Morrison,5683079,5684448
1781,Ricchi E Poveri,5681238,5692567
1782,The Human League,5680811,5744189
1783,Dayglow,5674850,6472359
1784,City Girls,5674219,5919486
1785,Leony,5671458,6374523
1786,Dean Martin,5670370,5670370
1787,Sam Fischer,5667558,6946107
1788,salem ilese,5666254,6989188
1789,Klaas,5658306,5862549
1790,Nacho,5657267,5827157
1791,TOLCHONOV,5656843,5656843
1792,Capo Plaza,5651637,5835486
1793,Yiyo Sarante,5650385,5858949
1794,Edward Sharpe & The Magnetic Zeros,5647748,5647748
1795,Good Charlotte,5641467,5751573
1796,Asake,5640895,5705919
1797,Luude,5638719,6109311
1798,Codiciado,5638662,7311880
1799,Mabel Matiz,5636924,5652537
1800,Gaab,5635443,5844692
1801,Bone Thugs-N-Harmony,5633774,6586218
1802,GORDÃO DO PC,5633229,5633229
1803,imase,5632923,6319389
1804,Madhur Sharma,5626247,8122798
1805,REO Speedwagon,5626038,5626038
1806,Ari Abdul,5623507,5678812
1807,Dopamine,5623391,6046891
1808,The Rare Occasions,5620568,5697276
1809,Cian Ducrot,5617338,6808318
1810,Donna Summer,5614520,6062032
1811,Riley Green,5612574,5623904
1812,IZA,5612318,6135383
1813,Janet Jackson,5607659,5941209
1814,Afgan,5605853,5609635
1815,Dubdogz,5605586,5737985
1816,MoonDeity,5604684,5790882
1817,Ghostemane,5599751,6359963
1818,6arelyhuman,5597344,5599876
1819,KIDDO,5596583,6301013
1820,Andrea Bocelli,5594155,5597409
1821,Frankie Valli,5591748,5648272
1822,Dylan Scott,5582471,5764983
1823,Au/Ra,5582389,6859938
1824,Anand-Milind,5579028,5688294
1825,L-Gante,5578133,7518307
1826,Turma do Pagode,5575097,5575097
1827,Tom Rosenthal,5573894,6517430
1828,Maldy,5566826,10201287
1829,Omar Varela,5564940,5956446
1830,Don Henley,5560094,5838373
1831,southstar,5548972,6611447
1832,Haley Reinhart,5548552,5548552
1833,Luis Mexia,5548082,6219575
1834,Eddie Santiago,5539283,5629944
1835,Alan Gomez,5532449,6158065
1836,Savage Garden,5526918,5713014
1837,Stefflon Don,5524458,5741225
1838,Jigar Saraiya,5523047,5813191
1839,Baby Tate,5520562,10931256
1840,Angus & Julia Stone,5514273,5514273
1841,S. Janaki,5513029,5514959
1842,Helsloot,5508000,5916044
1843,N.W.A.,5505285,5819704
1844,Volbeat,5502566,5808321
1845,Flo Milli,5501444,6521078
1846,Dewa 19,5501235,5501235
1847,vaultboy,5490461,6035064
1848,Yebba,5482727,5482727
1849,Maninder Buttar,5481944,5651281
1850,Gur Sidhu,5481672,5701016
1851,Vidyasagar,5478898,5478898
1852,Yung Lean,5470331,6742195
1853,Keisya Levronka,5469605,6259545
1854,Sezen Aksu,5469120,5497509
1855,Thiaguinho,5468388,5468388
1856,For Revenge,5464494,5589243
1857,Mrs. GREEN APPLE,5463651,5470880
1858,Awdella,5463582,5671244
1859,Flowdan,5463217,5621988
1860,YOVNGCHIMI,5459116,6007605
1861,Still Woozy,5457956,5888212
1862,Canserbero,5457808,5457808
1863,Kim Carnes,5452849,5452849
1864,El Chachito,5448677,7650499
1865,Victor Thompson,5448503,5927623
1866,Riar Saab,5440350,8331361
1867,Clinton Kane,5438819,7469785
1868,Gipsy Kings,5434951,5587010
1869,Four Tops,5432920,5432920
1870,Elefante,5422283,5422283
1871,Lefty Sm,5409932,5409932
1872,Lupe Fiasco,5406219,5534886
1873,Sohail Sen,5403286,5403286
1874,Sonder,5400651,5400651
1875,Sevek,5398651,6415204
1876,Teezo Touchdown,5395227,7377072
1877,Jamie Foxx,5394594,5394594
1878,Baby Gang,5392111,5920044
1879,Huey Lewis & The News,5391967,5517867
1880,Eiffel 65,5390391,5725560
1881,LF SYSTEM,5389552,6340364
1882,Roberto Carlos,5386395,5768938
1883,CeeLo Green,5383566,5383566
1884,Jennifer Warnes,5381530,5504554
1885,ICON,5377896,5377896
1886,Salim Merchant,5377661,5804113
1887,UZI,5374125,5382813
1888,MC Caja,5371985,6236016
1889,SinÃ©ad O'Connor,5365408,9208047
1890,Mufasa & Hypeman,5363435,5977567
1891,g3ox_em,5360272,6310602
1892,Dexys Midnight Runners,5359413,5473777
1893,Tujamo,5358925,5543630
1894,K.Flay,5357591,5523747
1895,Idgitaf,5356732,5356732
1896,Supermode,5353187,5353187
1897,Summer Cem,5349708,5407012
1898,Bruno Major,5347053,6005603
1899,Jacquees,5346989,5516860
1900,Emmanuel,5346227,5559713
1901,Vundabar,5346127,5479239
1902,Enny-Mae,5345022,5345022
1903,Miky Woodz,5344736,5443706
1904,Batas Senja,5339137,5339137
1905,Daya,5338959,6667067
1906,Borges,5335195,5394626
1907,Lil Jon & The East Side Boyz,5334135,5339898
1908,Chris Lake,5332706,5671324
1909,The Chicks,5332535,5594264
1910,El Padrinito Toys,5328495,6692915
1911,Michael Giacchino,5326143,5464141
1912,CJ,5325611,5856465
1913,Xavier Wulf,5320312,5332964
1914,Hillsong Worship,5319501,5748178
1915,Fuego,5319105,7079607
1916,Phoenix,5318692,5975682
1917,Estelle,5317839,5330212
1918,La K'onga,5313823,5406769
1919,Jake Owen,5313820,6347763
1920,Claude Debussy,5310857,5769369
1921,Anuradha Sriram,5307403,5307467
1922,Ingratax,5304725,5751282
1923,Tornillo,5303346,5540492
1924,Westlife,5300030,5880391
1925,Mecano,5299434,5439758
1926,Reyli Barba,5292459,5292459
1927,Mae Muller,5290637,8352415
1928,JEON SOMI,5288735,5323072
1929,Skepta,5287855,5556176
1930,FKJ,5287623,5638156
1931,Damian Marley,5285846,5531789
1932,The Kolors,5281135,5281135
1933,Robin Thicke,5280360,5413392
1934,GuÃ¨,5280088,5729244
1935,Cedric Gervais,5279702,5288938
1936,Vishal Chandrashekhar,5276593,5280878
1937,CafunÃ©,5273275,5788075
1938,Pretenders,5269480,5356170
1939,Extreme,5269266,5432537
1940,Zeeba,5268980,5389315
1941,Alejandra Guzman,5268419,5268419
1942,Boyz II Men,5267806,5524240
1943,Randy,5267366,5969025
1944,Yura Yunita,5264950,6198752
1945,Hillsong UNITED,5264609,5534876
1946,La Factoria,5263938,7662486
1947,Brandy,5262182,5510369
1948,6YNTHMANE,5258249,5258249
1949,Marnik,5257714,5257714
1950,Amaarae,5256368,7250780
1951,Liam Payne,5256111,5717293
1952,Deepend,5255763,5538439
1953,Old Jim,5253672,5253672
1954,R. City,5250888,5329737
1955,Mobb Deep,5248092,5261424
1956,Yasser Desai,5247211,8738809
1957,The Calling,5244167,5297911
1958,Megadeth,5243596,5357683
1959,Budi Doremi,5243551,6032948
1960,"HÃ©ctor ""El Father""",5236407,5456651
1961,Paloma Mami,5235080,9021292
1962,Hollow Coves,5230817,5428035
1963,Lola Amour,5224235,5319145
1964,Lifehouse,5224090,5328538
1965,Mohammed Rafi,5223361,5492066
1966,Declan McKenna,5223215,5766144
1967,Dadju,5222196,5364487
1968,AnnenMayKantereit,5221614,6211064
1969,The Score,5221178,5570597
1970,Damso,5220016,6049902
1971,Travie McCoy,5219000,5961970
1972,Slayer,5216826,6092992
1973,DannyLux,5211483,5211483
1974,Yohani,5208463,7904494
1975,JÃ³sean Log,5206024,5206597
1976,Lourena,5203305,5695060
1977,Chord Overstreet,5202733,5602600
1978,347aidan,5202019,8259475
1979,Natalie Cole,5200736,5313346
1980,AJ Tracey,5200593,5548261
1981,Miksu / Macloud,5197746,5961631
1982,Jakes Bejoy,5195616,5195616
1983,Safri Duo,5192641,5192641
1984,Punctual,5190803,5190803
1985,Auli'i Cravalho,5190662,5190662
1986,Love Funk,5189815,5189815
1987,OFFICIAL HIGE DANDISM,5189533,5730064
1988,Parker McCollum,5187842,5503289
1989,Los 2 de la S,5187279,5376903
1990,Vengaboys,5184467,5399892
1991,Bausa,5178867,5178867
1992,Yuri Redicopa,5177751,7223674
1993,Seal,5174965,5500825
1994,KYLE,5171771,5570937
1995,Axwell,5169001,5263010
1996,Sido,5167480,6066332
1997,reidenshi,5164722,5569657
1998,George Benson,5160734,5337767
1999,AngÃ¨le,5160323,6042394
2000,Tayc,5158404,6136150
2001,The Monkees,5154577,6152680
2002,creamy,5151580,7626751
2003,Walker Hayes,5145882,6069648
2004,Ami Mishra,5145747,5198742
2005,Aditya Rikhari,5142370,5273515
2006,Avvy Sra,5142370,5142370
2007,Sadie Jean,5139811,5139811
2008,Chris MC,5137527,5140484
2009,Yoko Gold,5136051,5136051
2010,Takagi & Ketra,5136051,5261651
2011,Jamiroquai,5133107,5332057
2012,Ruel,5132839,7721711
2013,Delacruz,5128705,5128705
2014,NDX A.K.A.,5127508,5127508
2015,A Day To Remember,5124985,5251262
2016,lucidbeatz,5124322,5484059
2017,Elvis Crespo,5124057,5270376
2018,Jerry Rivera,5123659,5215668
2019,Eliza Rose,5122997,7458821
2020,Edwin Luna y La Trakalosa de Monterrey,5119561,5119561
2021,Surf Mesa,5115479,5699227
2022,Polo Gonzalez,5112984,5597770
2023,Nicky Romero,5109581,6125301
2024,LUCKI,5107622,5395995
2025,Jay Rock,5106970,5420413
2026,Ezhel,5106840,5323582
2027,ANAVITÃRIA,5098401,5098401
2028,Twisted Sister,5098013,5412007
2029,JosÃ© GonzÃ¡lez,5096721,5096721
2030,John Williams,5092726,5491437
2031,Ziva Magnolya,5089644,6381695
2032,Walk off the Earth,5081215,6229255
2033,Dimitri Vegas,5079816,6178078
2034,Pras,5079689,5079689
2035,Marina Sena,5073736,5073736
2036,Vince Staples,5072348,7106334
2037,Jere Klein,5065934,5065934
2038,Jasmine Sandlas,5065433,5346627
2039,Juhn,5062680,5346206
2040,Tempoe,5060183,5673324
2041,Neto PeÃ±a,5058813,5196467
2042,Marracash,5058066,5156626
2043,Kelis,5056077,5142100
2044,Nathan Evans,5055084,5678656
2045,Gurlez Akhtar,5055084,6138173
2046,Billy Ocean,5054340,5065809
2047,Sharn,5046311,5046311
2048,Little Big Town,5044467,5563087
2049,NATHY PELUSO,5043853,6680438
2050,Mike BahÃ­a,5043730,6457022
2051,DJ LUCAS DE PAULA,5042136,5042136
2052,Naza,5041278,5336814
2053,Mareux,5040544,5792068
2054,zzoilo,5039199,5841395
2055,Antonio Vivaldi,5036514,5036514
2056,Yung Bleu,5036026,6498839
2057,JÃ£o,5035661,5854762
2058,Yuri,5031164,5547541
2059,EST Gee,5030073,6176130
2060,40k,5028741,5028741
2061,Brad Paisley,5027048,5643084
2062,Ivy Queen,5019585,5800824
2063,DJ BOY,5014559,5014559
2064,Young Dolph,5014082,5582984
2065,NOTD,5013843,6363600
2066,BLANCO,5013009,5183345
2067,Murda,5012055,5014918
2068,Rachel Platten,5008726,5033957
2069,Lil' Kim,5008014,5661568
2070,Aldo Trujillo,5004461,5665196
2071,Jass Manak,5004461,5004461
2072,Shenseea,4996101,6201949
2073,Andy Rivera,4990719,6004762
2074,Warren G,4988155,5047789
2075,Pradeep Kumar,4987922,4990719
2076,Felipe AraÃºjo,4986875,4986875
2077,Cream,4985829,5056574
2078,Amenazzy,4985133,4985133
2079,mxmtoon,4983509,5002689
2080,Lil Skies,4981194,5440185
2081,Desiigner,4977846,5773731
2082,Andmesh,4975313,5593048
2083,Dr. Dog,4974738,4974738
2084,Marisela,4973360,4973360
2085,Alex Gaudino,4972442,5378708
2086,Mau P,4971869,5108666
2087,Judas Priest,4971296,5164308
2088,NEIKED,4970151,6838785
2089,Ella Fitzgerald,4968436,4968436
2090,Dardan,4966724,5315807
2091,Josh Turner,4965698,5331930
2092,Brendon Urie,4963649,5045450
2093,K. J. Yesudas,4963081,4963081
2094,ANNA,4962513,5136722
2095,Cutting Crew,4961377,5010984
2096,Blue Ãyster Cult,4961151,5166928
2097,Victony,4960130,6214858
2098,Los Plebes del Rancho de Ariel Camacho,4959337,5449582
2099,Pancho Barraza,4957300,4958658
2100,Snoh Aalegra,4954140,4954140
2101,ChiChi Peralta,4951889,5067817
2102,Nate Smith,4949979,5242175
2103,Ariel Camacho y Los Plebes Del Rancho,4949194,5033835
2104,The Paul,4946393,4946393
2105,Lloyd,4941595,4942932
2106,Godsmack,4941595,5192075
2107,Rocco Hunt,4937261,5263418
2108,Michael Sembello,4929637,5397049
2109,MC LCKaiique,4919994,5522693
2110,BIBI,4919122,5959770
2111,Tori Kelly,4918468,6354473
2112,Nothing But Thieves,4917706,5213357
2113,MC PR,4915531,4915531
2114,PLK,4910763,5181664
2115,MC Marks,4909466,4909466
2116,Omar Courtz,4907524,7328285
2117,Simge,4906555,5336887
2118,Third Eye Blind,4906555,5503251
2119,Nanpa BÃ¡sico,4906016,5566408
2120,Arsy Widianto,4904941,4922506
2121,K-391,4902685,5349180
2122,yuji,4901934,5901117
2123,Andra & The Backbone,4900006,4900006
2124,Jay Trak,4895628,4895628
2125,Mohammed Irfan,4894137,6127566
2126,Belinda Carlisle,4893392,4967637
2127,Tee Grizzley,4890843,5192358
2128,MotÃ¶rhead,4889676,5105928
2129,Glee Cast,4888511,5111805
2130,Vini Vici,4887982,5149270
2131,Swarnalatha,4886185,4886185
2132,Cochise,4885446,5555526
2133,Armand Van Helden,4879972,4879972
2134,Alexandra Stan,4878608,5443158
2135,LAGOS,4874840,5355930
2136,Eric Carmen,4871085,4903007
2137,SIRA,4870877,4870877
2138,Russell Dickerson,4870565,6379745
2139,Blueface,4870045,5142370
2140,Bella Poarch,4869005,5446745
2141,BUNT.,4867240,5604619
2142,Juicy Luicy,4866929,5595944
2143,Tom Morello,4866515,5916840
2144,Mandy Moore,4865582,5413499
2145,The Righteous Brothers,4864340,4970151
2146,Shiva,4863306,5291932
2147,Clementine Douglas,4860005,5078420
2148,Michael Kiwanuka,4858358,4878084
2149,Sam Tinnesz,4856919,4948969
2150,Mimi Webb,4852921,8814474
2151,The Cinematic Orchestra,4845681,5048035
2152,Diego Torres,4842536,4842536
2153,Aruma,4837482,5369473
2154,Conjunto Primavera,4837281,6716361
2155,Bonez MC,4836877,5487431
2156,La Santa Grifa,4834060,4834060
2157,The Supremes,4832252,4837281
2158,Isaiah Rashad,4831651,4847003
2159,Naiara Azevedo,4831149,6645620
2160,The Red Jumpsuit Apparatus,4827148,5027048
2161,Berlin,4826450,5103716
2162,Interplanetary Criminal,4824456,7488841
2163,Kaifi Khalil,4823063,8200279
2164,Lary Over,4822864,4822864
2165,Vaundy,4822765,5403418
2166,grandson,4820183,5825965
2167,Bo Burnham,4819390,5627655
2168,High School Musical Cast,4816816,5091827
2169,Jordin Sparks,4816125,5268538
2170,Bnxn,4815532,4884497
2171,Jon Bellion,4813559,5147100
2172,Lil Tracy,4813067,4923272
2173,Pyotr Ilyich Tchaikovsky,4811098,5142640
2174,MC Kevinho,4810116,5146965
2175,Village People,4809330,5102547
2176,Alex Ubago,4808251,5157720
2177,Allman Brothers Band,4804239,5149134
2178,Juicy J,4804043,5178030
2179,Belo,4803946,4838289
2180,Alina Baraz,4802092,5438452
2181,Bappi Lahiri,4799463,4804141
2182,Uncle Kracker,4798977,5563301
2183,BROCKHAMPTON,4796550,5517549
2184,Craig David,4793065,5210763
2185,WOS,4789110,5932412
2186,Los Cadetes De Linares,4786802,5029952
2187,HRVY,4786226,6199179
2188,Sonny Fodera,4785746,4785746
2189,CORBAL,4783445,5490795
2190,Nic D,4782775,5331810
2191,Diego Verdaguer,4779431,4784691
2192,T3R Elemento,4778573,5218275
2193,Nitesh Ujoli,4776763,4776763
2194,Sunny Yaduvanshi,4774197,4774197
2195,cade clair,4773628,4773628
2196,Lou Bega,4772301,5040177
2197,Sheila On 7,4768706,4768706
2198,Toledo,4766349,4885657
2199,Sorriso Maroto,4765783,4780576
2200,Paolo Nutini,4765689,5335879
2201,Hensonn,4764278,5821605
2202,Lali,4763808,4763808
2203,Chaka Khan,4760898,5208319
2204,Grupo Los de la O,4759681,6073733
2205,Os BarÃµes Da Pisadinha,4758839,4942932
2206,Sefo,4758090,4758090
2207,R.K.M & Ken-Y,4757530,4757530
2208,Priya Saraiya,4754079,4794322
2209,MC Celo BK,4751289,5376329
2210,Ãejo & Dalmata,4746009,4762211
2211,Corona,4742504,4875885
2212,Poppy Baskcomb,4740296,4773818
2213,Silambarasan TR,4739561,5167480
2214,Los Abuelos De La Nada,4739010,4739010
2215,Jaziel Avilez,4738918,5865092
2216,Dylan Matthew,4738551,5125515
2217,$werve,4734522,5213646
2218,Lucas Estrada,4732878,5157720
2219,CÃ³digo FN,4731146,4731146
2220,Yo-Yo Ma,4728871,5111674
2221,Corey Kent,4728144,4802482
2222,Keala Settle,4725694,4785170
2223,Zak Abel,4724878,5252459
2224,A-Trak,4724697,4825552
2225,Fabio Asher,4722346,5023430
2226,Sickick,4721533,5825279
2227,Sanam,4720811,6025452
2228,Gustavo Cerati,4720541,4726510
2229,Reynmen,4720000,4887771
2230,Ado,4713261,4765030
2231,Redbone,4712187,6134164
2232,Gabriela Rocha,4712187,4742504
2233,Royal Philharmonic Orchestra,4708971,5029952
2234,Amy Macdonald,4708703,4708703
2235,Tippu,4708079,4712097
2236,Bullet For My Valentine,4707545,4879133
2237,That Mexican OT,4706743,4706743
2238,Fernando & Sorocaba,4706476,4706476
2239,Kenny Beats,4704609,4860726
2240,Ken-Y,4701771,5308388
2241,James TW,4701062,5724452
2242,Chimbala,4700266,5181944
2243,Richard Marx,4698322,4747951
2244,Los Invasores De Nuevo LeÃ³n,4696029,5183205
2245,Noah,4694972,4694972
2246,The Greatest Showman Ensemble,4694532,4749155
2247,Roberta Flack,4693477,4843245
2248,Chris Janson,4692335,5143719
2249,Pav Dharia,4691457,5195758
2250,The Backseat Lovers,4690405,4808251
2251,putri dahlia,4688654,5903604
2252,Stacey Ryan,4688479,7932194
2253,MC Caverinha,4686731,6957816
2254,Hugh Jackman,4686557,4976809
2255,Iggy Pop,4686033,5157583
2256,Caio Luccas,4684289,4741031
2257,Janieck,4684289,4684289
2258,Grupo Mojado,4683854,4757530
2259,Gigamesh,4683505,4685073
2260,Mano,4681071,4681071
2261,Rupert Holmes,4680810,5024394
2262,Manni Sandhu,4680723,4683244
2263,Imran Khan,4678295,5189110
2264,Michel TelÃ³,4676564,5119957
2265,Mijares,4675872,4779908
2266,Lil Mabu,4675181,8404295
2267,Jon Batiste,4674490,5352576
2268,Kaash Paige,4672507,4984901
2269,Erik Satie,4672421,4823660
2270,Switch Disco,4669668,5250840
2271,Jaden,4669410,6077159
2272,MUPP,4664783,5957353
2273,Joel De La P,4661794,6390957
2274,Carly Pearce,4660090,4682113
2275,Roisee,4659920,10515606
2276,SCH,4655927,4973934
2277,Naresh Kamath,4655757,4782679
2278,Barry White,4653640,4653640
2279,OBOY,4651526,4652456
2280,Leon James,4647229,4678382
2281,The Magician,4645212,4898295
2282,BjÃ¶rn Skifs,4641777,5334470
2283,Prabh Singh,4641693,4641693
2284,S.P. Charan,4640105,4640105
2285,Jawsh 685,4639354,5273265
2286,Paresh Kamath,4638603,4765972
2287,R. Kelly,4637769,4760711
2288,Tesher,4637769,5197888
2289,Morray,4637686,5098530
2290,Rixton,4634524,4912819
2291,Conrad Sewell,4628807,4750546
2292,Tom Misch,4627651,4627651
2293,Thin Lizzy,4624354,5017189
2294,Zahrah S Khan,4624190,5082233
2295,Anson Seabra,4621971,5523997
2296,Kid Ink,4620248,5422800
2297,cakal,4620002,4730599
2298,Nena,4619183,5114296
2299,NEIMY,4618774,4695676
2300,Guilherme & Santiago,4613712,5207888
2301,Hadise,4613468,4684463
2302,Hollywood Undead,4605356,4943266
2303,DVBBS,4603419,6240761
2304,Arem Ozguc,4601565,5496761
2305,Arman Aydin,4601404,5496094
2306,Pooh Shiesty,4599956,4904511
2307,Claptone,4594344,4603177
2308,Sam Tompkins,4593385,5537551
2309,Super Yei,4591549,5059685
2310,Pablo Chill-E,4590433,4865064
2311,Anna Kendrick,4589796,4744993
2312,Grupo RevelaÃ§Ã£o,4589558,4589558
2313,Mitchell Tenpenny,4589160,4939926
2314,Nico & Vinz,4585982,5713984
2315,Inspector,4579576,4579576
2316,Ammy Virk,4579261,5896835
2317,DÃ­melo Flow,4576034,5516943
2318,Ken Carson,4575485,4575485
2319,RunâD.M.C.,4574150,4742872
2320,James Brown,4570470,4827748
2321,Warren Zeiders,4567972,4567972
2322,DJ Ak beats,4567583,6359873
2323,Liana Flores,4565636,4565636
2324,Fabolous,4561211,5476866
2325,Monica,4561056,4639354
2326,Madcon,4560978,5453974
2327,Alexis y Fido,4559585,4638186
2328,Rick Springfield,4559276,4587649
2329,Emir Can Ä°Ärek,4558425,5558046
2330,A Great Big World,4557885,4836877
2331,Divya Kumar,4557653,6109192
2332,Los Gemelos De Sinaloa,4557576,5550154
2333,XG,4553184,5428551
2334,MC Davo,4553184,5111019
2335,Tiziano Ferro,4552723,4625836
2336,Cheap Trick,4552646,5065809
2337,Daniel Hope,4552416,4821970
2338,Against The Current,4551725,4988854
2339,Mc Tato,4550957,6597357
2340,Geolier,4548122,4857946
2341,Chani Nattan,4546364,6373045
2342,Mani Sharma,4545830,4545830
2343,Bryce Vine,4544533,5080579
2344,Dent May,4544304,4544304
2345,Aleks Syntek,4543313,4543313
2346,Luca-Dante Spadafora,4543161,4543161
2347,Adie,4541183,4821374
2348,Ananya Bhat,4541031,5181804
2349,Ben Howard,4540575,4844361
2350,Pixote,4539057,4539057
2351,Barbra Streisand,4536860,4746471
2352,Ludwig GÃ¶ransson,4535876,4621889
2353,Mukesh,4534440,4646052
2354,Niska,4533157,4982351
2355,Major RD,4522650,5116399
2356,Amanda Seyfried,4521233,4832052
2357,Ranjith Govind,4521083,4521083
2358,Tedua,4519147,4801605
2359,Luther Vandross,4518328,4588523
2360,MERO,4516990,4642530
2361,ZHU,4514320,4557035
2362,jnhygs,4514098,4514098
2363,Ray LaMontagne,4514024,4531499
2364,Poison,4511065,4514172
2365,Four Tet,4510844,5925530
2366,JosÃ© Feliciano,4504880,4753427
2367,Wheatus,4504440,4511583
2368,PnB Rock,4503706,5350593
2369,DYSTINCT,4503633,5019225
2370,Vegedream,4500192,4898402
2371,Nadson O Ferinha,4500192,4510327
2372,Kanishk Seth,4496543,4636769
2373,Vicentico,4495815,4515358
2374,LIZOT,4495015,4874944
2375,Peter Plate,4495015,4495015
2376,Showtek,4494361,4926998
2377,Blind Melon,4492763,4543085
2378,Mustafa Zahid,4489068,4489068
2379,Dan Caplen,4488056,4639521
2380,fam0uz,4487261,4511435
2381,Yovie Widianto,4482076,5335015
2382,Hypaton,4479350,4830949
2383,Dybbukk,4479278,5438489
2384,Carpenters,4477918,4605437
2385,Disco Lines,4476702,4894882
2386,Ulf Leo Sommer,4475987,4475987
2387,Staind,4474988,4867240
2388,Vicetone,4473206,4694092
2389,Ben&Ben,4472921,5059186
2390,Olivia O'Brien,4472778,5363511
2391,Shiraz Uppal,4471924,5292492
2392,Julien Marchal,4471426,5336898
2393,RubÃ©n Blades,4469863,4538678
2394,Aloe Blacc,4465470,4889570
2395,Kapil Kapilan,4462433,4462433
2396,Kontra K,4462010,4481358
2397,Ali Sethi,4461658,5697972
2398,Pouya,4454776,4584951
2399,Ayparia,4453028,5782673
2400,t.A.T.u.,4452888,4906555
2401,Xanemusic,4451352,9445482
2402,Nina Chuba,4450864,5671256
2403,Fran C,4449818,4863720
2404,Night Lovell,4448913,4668037
2405,Sophie and the Giants,4445924,5528305
2406,ZÃ© Vaqueiro,4445716,5470612
2407,Otto Knows,4442806,4699382
2408,Ravi Basrur,4436115,4969465
2409,Lucas & Steve,4431792,5293950
2410,Harish Raghavendra,4430287,4501874
2411,MÅnia,4429740,4429740
2412,Blue Swede,4428442,5080070
2413,Gorgon City,4427623,4688042
2414,SXMPRA,4426124,5108927
2415,Hamza,4425579,5520810
2416,Ikka,4425307,5328895
2417,Srinivas,4420012,4421910
2418,MÃ½a,4418997,4959677
2419,Take That,4418862,5001981
2420,Toni Braxton,4418862,4794806
2421,Rich Music LTD,4418118,4668037
2422,Madan Mohan,4417780,4417780
2423,Snakehips,4416767,6435806
2424,Shae Gill,4416497,5260900
2425,Tay-K,4415620,4718738
2426,Waylon Jennings,4414811,4597628
2427,Shoti,4413599,4758745
2428,JoÃ£o Bosco & Vinicius,4408832,4408832
2429,Djavan,4408095,4408095
2430,Fedez,4407894,4767763
2431,CHVRCHES,4403219,5098789
2432,DJ Yuri Martins,4401888,5113640
2433,Salt-N-Pepa,4399893,4445023
2434,Skank,4398035,4398035
2435,Dhibu Ninan Thomas,4397703,4406423
2436,Manan Bhardwaj,4397041,4480353
2437,Jon Secada,4392941,4789785
2438,j-hope,4392348,10803011
2439,Joy Division,4392150,4413666
2440,Pinguini Tattici Nucleari,4391952,4635688
2441,La T y La M,4391293,5215379
2442,Modest Mouse,4387676,4648070
2443,Afro Bros,4384006,4511287
2444,thiarajxtt,4383940,5123659
2445,Mr Eazi,4383417,5005526
2446,Twista,4379827,4379827
2447,Naughty Boy,4377548,4717299
2448,Kizz Daniel,4374432,4805607
2449,Pinkfong,4371131,4393932
2450,Laura Branigan,4368807,5188828
2451,BIN,4368162,4662988
2452,DJ Scheme,4367131,4583605
2453,Molotov,4359370,4373784
2454,Hande Yener,4359306,4450724
2455,TWISTED,4357455,8195322
2456,Julio Iglesias,4353126,4434329
2457,I Prevail,4352808,4685946
2458,PNL,4349511,4885974
2459,Damas Gratis,4349068,4661368
2460,Baby Bash,4347930,4409971
2461,Yellowcard,4346982,4767385
2462,Dj Chetas,4345530,4945946
2463,Shruti Pathak,4345467,5422202
2464,ANOTR,4342004,4565636
2465,Meat Loaf,4340434,4944940
2466,La Sonora Dinamita,4338616,4360841
2467,NO1-NOAH,4335550,4634441
2468,lucaf.,4335550,4792389
2469,Sebastian Ingrosso,4334551,4442806
2470,Puddle Of Mudd,4331871,4331871
2471,Headie One,4327832,5729948
2472,Spandau Ballet,4325602,4328825
2473,Rkomi,4322636,4521904
2474,Imogen Heap,4318817,4318817
2475,Annalisa,4318633,4702214
2476,Travis Tritt,4318141,4596505
2477,LegiÃ£o Urbana,4318080,4318080
2478,Agust D,4315441,8823983
2479,Seu Jorge,4312748,4312748
2480,Drowning Pool,4309452,4309452
2481,Onda Sabanera,4306896,4679162
2482,Mura Masa,4305378,4790556
2483,SG Lewis,4298481,5053596
2484,Grupo Recluta,4297878,5750882
2485,Chalino Sanchez,4296192,4331248
2486,Styx,4295710,4375989
2487,Kris Kristofferson,4294989,4294989
2488,Tierry,4293968,4293968
2489,Ritviz,4292828,4344270
2490,Merk & Kremont,4292348,4412388
2491,Parson James,4291689,4293608
2492,Christopher Jackson,4286251,4286251
2493,Rush,4285059,4285059
2494,YBN Nahmir,4281434,4684202
2495,JosÃ© Luis Perales,4279952,4361097
2496,Olamide,4279241,4301258
2497,Shalmali Kholgade,4277053,4717659
2498,La Receta,4276935,4401754
2499,Violet Days,4274633,4974853
